URL,Status
https://pesacheck.org/our-methodology-f3d77521a1ee,Article
https://medium.com/about?autoplay=1&source=post_page-----f3d77521a1ee--------------------------------,To Be Validated
https://pesacheck.org/maadeysi-sawirkan-muujinaya-raiisul-wasaaraha-itoobiya-abiy-axmed-iyo-donald-trump-oo-haya-7aaf7fef2989?source=post_page---post_publication_info--f3d77521a1ee--------------------------------,To Be Validated
https://speechify.com/medium?source=post_page-----f3d77521a1ee--------------------------------,To Be Validated
https://investigate.africa/ilab-reports/,To Be Validated
https://rsci.app.link/?%24canonical_url=https%3A%2F%2Fmedium.com%2Fp%2Ff3d77521a1ee&%7Efeature=LoOpenInAppButton&%7Echannel=ShowPostUnderCollection&source=---top_nav_layout_nav----------------------------------,To Be Validated
https://twitter.com/hashtag/PesaCheck?src=hash,To Be Validated
https://docs.google.com/forms/d/1TBOZ3o0cauIHIl-rQStrenTvx0OWmw0RicOgxnzd7CI/edit,To Be Validated
https://twitter.com/PesaCheck,To Be Validated
https://africandrone.org/,To Be Validated
https://www.buzzfeed.com/emmyf/buzzfeed-style-guide?utm_term=.ih0pb7e3j#.sbqzBYpOk,To Be Validated
https://pesacheck.org/uhurus-maternity-care-promises-exaggerated-2c238a3dfd9b#.8ct,To Be Validated
https://pesacheck.org/will-kenyas-olympic-champs-get-a-ksh1-billion-bonus-216c42809da7#.i5gaygorc,To Be Validated
https://www.africandefence.net,To Be Validated
https://medium.com/m/signin?operation=register&redirect=https%3A%2F%2Fmedium.com%2Fnew-story&source=---top_nav_layout_nav-----------------------new_post_topnav-----------,To Be Validated
https://help.medium.com/hc/en-us?source=post_page-----f3d77521a1ee--------------------------------,To Be Validated
mailto:hello@pesacheck.org,To Be Validated
http://checkmedia.org,To Be Validated
https://medium.com/@PesaCheck/following?source=post_page---post_author_info--f3d77521a1ee--------------------------------,To Be Validated
https://t.co/385A4LbHhl,To Be Validated
https://www.crowdtangle.com/,To Be Validated
https://medium.com/m/signin?actionUrl=https%3A%2F%2Fmedium.com%2F_%2Fvote%2Fpesa-check%2Ff3d77521a1ee&operation=register&redirect=https%3A%2F%2Fpesacheck.org%2Four-methodology-f3d77521a1ee&user=PesaCheck&userId=c75918c2df6e&source=---footer_actions--f3d77521a1ee---------------------clap_footer-----------,To Be Validated
https://pesacheck.org/about,To Be Validated
https://medium.com/business?source=post_page-----f3d77521a1ee--------------------------------,To Be Validated
https://medium.com/jobs-at-medium/work-at-medium-959d1a85284e?source=post_page-----f3d77521a1ee--------------------------------,To Be Validated
https://medium.com/m/signin?actionUrl=https%3A%2F%2Fmedium.com%2F_%2Fbookmark%2Fp%2Ff3d77521a1ee&operation=register&redirect=https%3A%2F%2Fpesacheck.org%2Four-methodology-f3d77521a1ee&source=---header_actions--f3d77521a1ee---------------------bookmark_footer-----------,To Be Validated
https://pesacheck.org/?source=post_page---post_publication_info--f3d77521a1ee--------------------------------,To Be Validated
https://www.meltwater.com/en,To Be Validated
https://pesacheck.org/followers?source=post_page---post_publication_info--f3d77521a1ee--------------------------------,To Be Validated
https://africacheck.org,To Be Validated
https://primer.ai/,To Be Validated
https://medium.com/tag/fact-checking?source=post_page-----f3d77521a1ee--------------------------------,To Be Validated
https://twitter.com/Kandie_Phyllis,To Be Validated
https://sourceafrica.net/,To Be Validated
https://policy.medium.com/medium-rules-30e5502c4eb4?source=post_page---post_responses--f3d77521a1ee--------------------------------,To Be Validated
https://policy.medium.com/medium-terms-of-service-9db0094a1e0f?source=post_page-----f3d77521a1ee--------------------------------,To Be Validated
https://medium.com/search?source=---top_nav_layout_nav----------------------------------,To Be Validated
https://medium.com/tag/pesacheck?source=post_page-----f3d77521a1ee--------------------------------,To Be Validated
https://medium.com/@PesaCheck?source=post_page---post_author_info--f3d77521a1ee--------------------------------,To Be Validated
https://pesacheck.org/?source=post_page---byline--f3d77521a1ee--------------------------------,To Be Validated
https://blog.medium.com/?source=post_page-----f3d77521a1ee--------------------------------,To Be Validated
https://medium.com/?source=---top_nav_layout_nav----------------------------------,To Be Validated
https://medium.com/m/signin?operation=login&redirect=https%3A%2F%2Fpesacheck.org%2Four-methodology-f3d77521a1ee&source=post_page---top_nav_layout_nav-----------------------global_nav-----------,To Be Validated
https://medium.com/m/signin?actionUrl=https%3A%2F%2Fmedium.com%2F_%2Fsubscribe%2Fuser%2Fc75918c2df6e&operation=register&redirect=https%3A%2F%2Fpesacheck.org%2Four-methodology-f3d77521a1ee&user=PesaCheck&userId=c75918c2df6e&source=post_page-c75918c2df6e--byline--f3d77521a1ee---------------------post_header-----------,To Be Validated
https://policy.medium.com/medium-privacy-policy-f03bf92035c9?source=post_page-----f3d77521a1ee--------------------------------,To Be Validated
https://t.co/zAxs6pdIKB,To Be Validated
https://medium.com/m/signin?operation=register&redirect=https%3A%2F%2Fpesacheck.org%2Four-methodology-f3d77521a1ee&source=post_page---top_nav_layout_nav-----------------------global_nav-----------,To Be Validated
https://disinfo.africa/,To Be Validated
https://medium.com/m/signin?actionUrl=https%3A%2F%2Fmedium.com%2F_%2Fbookmark%2Fp%2Ff3d77521a1ee&operation=register&redirect=https%3A%2F%2Fpesacheck.org%2Four-methodology-f3d77521a1ee&source=---footer_actions--f3d77521a1ee---------------------bookmark_footer-----------,To Be Validated
https://medium.com/@PesaCheck/followers?source=post_page---post_author_info--f3d77521a1ee--------------------------------,To Be Validated
https://medium.com/m/signin?actionUrl=https%3A%2F%2Fmedium.com%2F_%2Fsubscribe%2Fcollection%2Fpesa-check&operation=register&redirect=https%3A%2F%2Fpesacheck.org%2Four-methodology-f3d77521a1ee&collection=PesaCheck&collectionId=ab41f21aa9a9&source=post_page---post_publication_info--f3d77521a1ee---------------------follow_profile-----------,To Be Validated
https://www.washingtonpost.com/news/ask-the-post/wp/2017/01/01/policies-and-standards/?utm_term=.a1699c0eb0a7#correctionspolicy,To Be Validated
https://medium.statuspage.io/?source=post_page-----f3d77521a1ee--------------------------------,To Be Validated
https://medium.com/m/signin?actionUrl=https%3A%2F%2Fmedium.com%2F_%2Fvote%2Fpesa-check%2Ff3d77521a1ee&operation=register&redirect=https%3A%2F%2Fpesacheck.org%2Four-methodology-f3d77521a1ee&user=PesaCheck&userId=c75918c2df6e&source=---header_actions--f3d77521a1ee---------------------clap_footer-----------,To Be Validated
https://medium.com/@PesaCheck?source=post_page---byline--f3d77521a1ee--------------------------------,To Be Validated
https://pesacheck.org/contact-us-3ba3730bf068,To Be Validated
https://medium.com/m/signin?actionUrl=https%3A%2F%2Fmedium.com%2F_%2Fsubscribe%2Fuser%2Fc75918c2df6e&operation=register&redirect=https%3A%2F%2Fpesacheck.org%2Four-methodology-f3d77521a1ee&user=PesaCheck&userId=c75918c2df6e&source=post_page-c75918c2df6e--post_author_info--f3d77521a1ee---------------------follow_profile-----------,To Be Validated
https://factcheck.africa/,To Be Validated
https://pesacheck.org/governors-or-elected-county-assembly-members-who-really-controls-the-money-8238fad5ca4c#.ngs2jpqxe,To Be Validated
http://investigate.africa/,To Be Validated
https://sourceafrica.net,To Be Validated
https://medium.com/dfrlab,To Be Validated
https://pesacheck.org/has-kiambu-county-doubled-its-revenue-to-ksh4-7-billion-a9e16bb140f4,To Be Validated
https://pesacheck.org/cabinet-secretary-phyllis-kandie-promises-sh18bn-for-orphans-disabled-kids-7b953b5f4550#.18v0aqvzf,To Be Validated
https://pesacheck.org/is-kenya-increasing-investment-in-health-sector-2fd1155929f0#.s7s82dmqv,To Be Validated
https://www.factcheck.org/our-process/,To Be Validated
https://pesacheck.org/pressinquiries@medium.com?source=post_page-----f3d77521a1ee--------------------------------,To Be Validated
https://policy.medium.com/medium-privacy-policy-f03bf92035c9,To Be Validated
https://pesacheck.org/@PesaCheck?source=collection_category---7------2-----------------------,To Be Validated
https://pesacheck.org/%E1%88%90%E1%88%B0%E1%89%B5-%E1%8A%A5%E1%8A%90%E1%8B%9A%E1%88%85-%E1%89%A6%E1%88%AD%E1%88%B3%E1%8B%8E%E1%89%BD-%E1%89%A0%E1%8A%A2%E1%89%B5%E1%8B%AE%E1%8C%B5%E1%8B%AB-%E1%8A%A0%E1%8B%A8%E1%88%AD-%E1%88%98%E1%8A%95%E1%8C%88%E1%8B%B5-%E1%8A%A0%E1%88%8D%E1%89%B0%E1%88%B0%E1%88%A8%E1%89%81%E1%88%9D-2468f88e8e39?source=collection_category---7------5-----------------------,To Be Validated
https://pesacheck.org/@PesaCheck?source=collection_category---7------6-----------------------,To Be Validated
https://pesacheck.org/%E1%88%90%E1%88%B0%E1%89%B5-%E1%8B%AD%E1%88%85-%E1%88%9D%E1%88%B5%E1%88%8D-%E1%89%A0%E1%88%B6%E1%88%AA%E1%8B%AB-%E1%89%A0%E1%88%B3%E1%8B%AD%E1%8B%B5%E1%8A%93%E1%8B%AB-%E1%8A%A5%E1%88%B5%E1%88%AD-%E1%89%A4%E1%89%B5-%E1%8B%8D%E1%88%B5%E1%8C%A5-%E1%8B%A8%E1%8A%90%E1%89%A0%E1%88%A8-%E1%8A%A5%E1%88%B5%E1%88%A8%E1%8A%9B%E1%8A%95-%E1%8A%A0%E1%8B%AB%E1%88%B3%E1%8B%AD%E1%88%9D-8367bba0f1c3?source=collection_category---7------3-----------------------,To Be Validated
https://pesacheck.org/our-principles-2e9c5a00ecb1,To Be Validated
https://pesacheck.org/@PesaCheck,To Be Validated
https://medium.com/m/signin?redirect=https%3A%2F%2Fpesacheck.org%2Fafrican-languages%2Fhome&source=--------------------------nav_reg&operation=register,To Be Validated
https://pesacheck.org/@PesaCheck?source=collection_category---7------1-----------------------,To Be Validated
https://pesacheck.org/fran%C3%A7ais/home,To Be Validated
https://pesacheck.org/qeyb-ahaan-been-ah-muuqaalkan-ma-muujinayo-burburinta-qabuuraha-magaalooyinka-laascaanood-iyo-7ea304a41834?source=collection_category---7------4-----------------------,To Be Validated
https://pesacheck.org/%E1%89%A0%E1%8A%A8%E1%8D%8A%E1%88%8D-%E1%88%90%E1%88%B0%E1%89%B5-%E1%8B%AD%E1%88%85-%E1%88%9D%E1%88%B5%E1%88%8D-%E1%8A%A5-%E1%8A%A0-%E1%8A%A0-%E1%89%A0%E1%89%B3%E1%88%85%E1%88%B3%E1%88%B5-2024-%E1%89%A0%E1%8B%B0%E1%88%9B%E1%88%B5%E1%89%86-%E1%88%B6%E1%88%AA%E1%8B%AB-%E1%8A%A0%E1%89%85%E1%88%AB%E1%89%A2%E1%8B%AB-%E1%8B%A8%E1%8A%90%E1%89%A0%E1%88%A9-%E1%8B%A8%E1%8A%A5%E1%88%B5%E1%88%AB%E1%8A%A4%E1%88%8D-%E1%89%B3%E1%8A%95%E1%8A%AE%E1%89%BD%E1%8A%95-%E1%8A%A0%E1%8B%AB%E1%88%B3%E1%8B%AD%E1%88%9D-6cc931052a58?source=collection_category---7------4-----------------------,To Be Validated
https://pesacheck.org/archive,To Be Validated
https://pesacheck.org/maadeysi-sawirkan-muujinaya-raiisul-wasaaraha-itoobiya-abiy-axmed-iyo-donald-trump-oo-haya-7aaf7fef2989?source=collection_category---7------0-----------------------,To Be Validated
https://pesacheck.org/latest,To Be Validated
https://medium.com/m/signin?redirect=https%3A%2F%2Fpesacheck.org%2Fafrican-languages%2Fhome&source=--------------------------nav_reg&operation=login,To Be Validated
https://pesacheck.org/been-sawirkan-ma-muujinayo-madaxweynaha-soomaaliya-oo-maamusaya-askartii-itoobiyaanka-ee-ku-f9add5c98b6d?source=collection_category---7------6-----------------------,To Be Validated
https://pesacheck.org/%E1%8B%A8%E1%89%B0%E1%8C%AD%E1%89%A0%E1%88%A8%E1%89%A0%E1%88%A8-%E1%8B%AD%E1%88%85-%E1%8B%A8%E1%8A%A2%E1%89%B5%E1%8B%AE%E1%8C%B5%E1%8B%AB-%E1%8D%95%E1%88%AC%E1%8B%9D%E1%8B%B0%E1%8A%95%E1%89%B5-%E1%88%88%E1%8C%88%E1%8A%93-%E1%89%A0%E1%8B%93%E1%88%8D-%E1%8B%A8%E1%8C%88%E1%8A%95%E1%8B%98%E1%89%A5-%E1%8B%B5%E1%8C%8B%E1%8D%8D-%E1%8A%A5%E1%8B%A8%E1%88%B0%E1%8C%A1-%E1%8A%90%E1%8B%8D-%E1%8B%A8%E1%88%9A%E1%88%88%E1%8B%8D-%E1%8B%B5%E1%88%A8-%E1%8C%88%E1%8C%BD-%E1%8B%A8%E1%88%9B%E1%89%B3%E1%88%88%E1%88%8D-%E1%8A%90%E1%8B%8D-3ed697435427?source=collection_category---7------1-----------------------,To Be Validated
https://pesacheck.org/qeyb-ahaan-been-ah-sawirradan-ma-ahan-qarax-ka-dhacay-warshad-koronto-oo-ku-taalla-texas-janaayo-dd5f9915b6d9?source=collection_category---7------2-----------------------,To Be Validated
https://pesacheck.org/qeyb-ahaan-been-ah-sawirkan-ma-ahan-saameynta-saddex-qarax-oo-ka-dhacday-muqdisho-2025-ace20af7b7dc?source=collection_category---7------1-----------------------,To Be Validated
https://pesacheck.org/%E1%88%90%E1%88%B0%E1%89%B5-%E1%8B%AD%E1%88%85-%E1%8B%A8%E1%8A%A4%E1%88%AD%E1%89%B5%E1%88%AB%E1%8B%8D-%E1%8D%95%E1%88%AC%E1%8B%9D%E1%8B%B3%E1%8A%95%E1%89%B5-%E1%88%85%E1%8B%AD%E1%8B%88%E1%89%B5-%E1%8A%A5%E1%8A%95%E1%8B%B3%E1%88%88%E1%8D%88-%E1%8B%A8%E1%88%9A%E1%8C%88%E1%88%8D%E1%8C%B8%E1%8B%8D-%E1%8B%A8%E1%89%B2%E1%8A%AD-%E1%89%B6%E1%8A%AD-%E1%89%AA%E1%8B%B2%E1%8B%AE-%E1%8B%8D%E1%88%B8%E1%89%B5-%E1%8A%90%E1%8B%8D-e3ef48d3bff5?source=collection_category---7------6-----------------------,To Be Validated
https://pesacheck.org/@PesaCheck?source=collection_category---7------4-----------------------,To Be Validated
https://policy.medium.com/medium-terms-of-service-9db0094a1e0f,To Be Validated
https://pesacheck.org/been-abuur-muuqaalkan-muujinaya-xildhibaan-ilhan-omar-oo-ooyaysa-waa-been-abuur-b64ff8dae62f?source=collection_category---7------5-----------------------,To Be Validated
https://rsci.app.link/?%24canonical_url=https%3A%2F%2Fmedium.com/pesa-check%3F~feature=LoMobileNavBar&~channel=ShowCollectionHome&~stage=m2,To Be Validated
https://pesacheck.org/@PesaCheck?source=collection_category---7------3-----------------------,To Be Validated
https://medium.com/,To Be Validated
https://pesacheck.org/@PesaCheck_?source=collection_category---7------5-----------------------,To Be Validated
https://pesacheck.org/qeyb-ahaan-been-ah-sawirkan-ma-aha-qarax-miino-oo-lala-beegsaday-ciidanka-soomaaliya-bishii-4b383f276477?source=collection_category---7------3-----------------------,To Be Validated
https://pesacheck.org/%E1%8B%A8%E1%89%B0%E1%89%80%E1%8B%A8%E1%88%A8-%E1%8B%AD%E1%88%85-%E1%8B%B2%E1%8C%82%E1%89%B3%E1%88%8D-%E1%8A%AB%E1%88%AD%E1%8B%B5-%E1%89%A0%E1%89%A2%E1%89%A2%E1%88%B2-%E1%8A%A0%E1%88%9B%E1%88%AD%E1%8A%9B-%E1%8A%A0%E1%88%8D%E1%89%B3%E1%89%B0%E1%88%98%E1%88%9D-19c836767e80?source=collection_category---7------0-----------------------,To Be Validated
https://pesacheck.org/%E1%8B%A8%E1%89%B0%E1%89%80%E1%8B%A8%E1%88%A8-%E1%8B%AD%E1%88%85-%E1%89%AA%E1%8B%B2%E1%8B%AE-%E1%8A%A5-%E1%8A%A0-%E1%8A%A0-%E1%89%A02024-%E1%89%A0%E1%8A%A6%E1%88%AE%E1%88%9A%E1%8B%AB-%E1%8A%AD%E1%88%8D%E1%88%8D-%E1%88%B0%E1%88%8B%E1%88%8C-%E1%88%B5%E1%88%88%E1%89%B0%E1%8D%88%E1%8C%B8%E1%88%98%E1%8B%8D-%E1%8C%8D%E1%8B%B5%E1%8B%AB-%E1%8A%A0%E1%8B%AD%E1%8A%93%E1%8C%88%E1%88%AD%E1%88%9D-94af74df40ad?source=collection_category---7------2-----------------------,To Be Validated
https://medium.com/business,To Be Validated
https://medium.com/about,To Be Validated
https://pesacheck.org/@PesaCheck?source=collection_category---7------5-----------------------,To Be Validated
https://pesacheck.org/kiswahili/home,To Be Validated
https://pesacheck.org?source=logo-lo_d2a4b08a66d2---ab41f21aa9a9,To Be Validated
https://pesacheck.org/come-help-us-fight-misinformation-5e4cefffe96b?source=collection_home---4------0-----------------------,To Be Validated
https://twitter.com/pesacheck,To Be Validated
https://pesacheck.org/altered-this-screenshot-of-a-post-by-fbc-is-doctored-13c7e6c492f4?source=collection_home---4------5-----------------------,To Be Validated
https://instagram.com/pesacheck,To Be Validated
https://pesacheck.org/maadeysi-sawirkan-muujinaya-raiisul-wasaaraha-itoobiya-abiy-axmed-iyo-donald-trump-oo-haya-7aaf7fef2989?source=collection_home---4------0-----------------------,To Be Validated
https://pesacheck.org/partly-false-these-images-dont-show-an-explosion-at-a-power-plant-in-texas-in-january-2025-249a5aedbafe?source=collection_home---4------4-----------------------,To Be Validated
https://pesacheck.org/qeyb-ahaan-been-ah-sawirkan-ma-ahan-saameynta-saddex-qarax-oo-ka-dhacday-muqdisho-2025-ace20af7b7dc?source=collection_home---4------1-----------------------,To Be Validated
https://facebook.com/pesacheck,To Be Validated
https://medium.com/m/signin?redirect=https%3A%2F%2Fpesacheck.org%2F%3Fsource%3D---------0-----------------------&source=--------------------------nav_reg&operation=login,To Be Validated
https://pesacheck.org/partly-false-this-image-doesnt-depict-aftermath-of-three-explosions-in-mogadishu-in-2025-9293dfd09361?source=collection_home---4------2-----------------------,To Be Validated
https://medium.com/m/signin?redirect=https%3A%2F%2Fpesacheck.org%2F%3Fsource%3D---------0-----------------------&source=--------------------------nav_reg&operation=register,To Be Validated
https://pesacheck.org/qeyb-ahaan-been-ah-sawirradan-ma-ahan-qarax-ka-dhacay-warshad-koronto-oo-ku-taalla-texas-janaayo-dd5f9915b6d9?source=collection_home---4------3-----------------------,To Be Validated
https://pesacheck.org/false-ugandas-first-deputy-prime-minister-rebecca-kadaga-is-alive-d7992c58f59e?source=collection_home---4------7-----------------------,To Be Validated
https://pesacheck.org/satire-this-image-showing-ethiopian-pm-abiy-ahmed-and-donald-trump-holding-the-somaliland-flag-is-2ab9dffb16ef?source=collection_home---4------0-----------------------,To Be Validated
https://pesacheck.org/canular-cet-avis-de-recrutement-na-pas-%C3%A9t%C3%A9-%C3%A9mis-par-le-pam-f1f9a147d304?source=collection_home---4------6-----------------------,To Be Validated
https://pesacheck.org,To Be Validated
https://medium.com/m/signin?redirect=https%3A%2F%2Fpesacheck.org%2F%3Fsource%3D---------7-----------------------&source=--------------------------nav_reg&operation=login,To Be Validated
https://medium.com/m/signin?redirect=https%3A%2F%2Fpesacheck.org%2F%3Fsource%3D---------7-----------------------&source=--------------------------nav_reg&operation=register,To Be Validated
https://pesacheck.org/faux-le-pr%C3%A9sident-du-zimbabwe-emmerson-mnangagwa-na-pas-%C3%A9t%C3%A9-assassin%C3%A9-2f3cb7a607f7?source=---------1-----------------------,Article
https://www.okayafrica.com/zimbabwe-passes-law-that-criminalises-protests/,To Be Validated
http://www.x.com/Finogbe,To Be Validated
https://pesacheck.org/pesacheck-and-facebook-partner-to-fight-misinformation-in-kenya-d6a45ee70c18?gi=d2cb1ae7440,To Be Validated
https://policy.medium.com/medium-terms-of-service-9db0094a1e0f?source=post_page-----2f3cb7a607f7--------------------------------,To Be Validated
https://pesacheck.org/,To Be Validated
https://x.com/edmnangagwa,To Be Validated
https://www.dw.com/en/about-dw/profile/s-30688,To Be Validated
https://rsci.app.link/?%24canonical_url=https%3A%2F%2Fmedium.com%2Fp%2F2f3cb7a607f7&%7Efeature=LoOpenInAppButton&%7Echannel=ShowPostUnderCollection&source=---top_nav_layout_nav----------------------------------,To Be Validated
https://speechify.com/medium?source=post_page-----2f3cb7a607f7--------------------------------,To Be Validated
https://www.gettyimages.com/search/2/image?family=editorial&phrase=emmerson+mnangagwa&sort=mostpopular,To Be Validated
https://www.icfj.org/our-work/knight/profiles/justin-arenstein,To Be Validated
https://www.google.com/search?gs_ssp=eJzj4tTP1TdIN85OzjBg9BJKzc1NLSrOz1PIzUvMS09ML08EAJzkCqM&q=emmerson+mnangagwa&oq=Emme&gs_lcrp=EgZjaHJvbWUqDAgBEC4YJxiABBiKBTIPCAAQIxgnGOMCGIAEGIoFMgwIARAuGCcYgAQYigUyBggCEEUYOTIMCAMQLhhDGIAEGIoFMg8IBBAuGEMY1AIYgAQYigUyDwgFEC4YQxjUAhiABBiKBTIHCAYQABiABDIHCAcQABiABDIHCAgQLhiABDIHCAkQABiPAtIBCTEyOTExajBqN6gCALACAA&sourceid=chrome&ie=UTF-8,To Be Validated
https://help.medium.com/hc/en-us?source=post_page-----2f3cb7a607f7--------------------------------,To Be Validated
https://medium.com/jobs-at-medium/work-at-medium-959d1a85284e?source=post_page-----2f3cb7a607f7--------------------------------,To Be Validated
https://medium.com/tag/zimbabwe?source=post_page-----2f3cb7a607f7--------------------------------,To Be Validated
https://medium.com/m/signin?actionUrl=https%3A%2F%2Fmedium.com%2F_%2Fsubscribe%2Fcollection%2Fpesa-check&operation=register&redirect=https%3A%2F%2Fpesacheck.org%2Ffaux-le-pr%C3%A9sident-du-zimbabwe-emmerson-mnangagwa-na-pas-%C3%A9t%C3%A9-assassin%C3%A9-2f3cb7a607f7&collection=PesaCheck&collectionId=ab41f21aa9a9&source=post_page---post_publication_info--2f3cb7a607f7---------------------follow_profile-----------,To Be Validated
https://archive.ph/wb6No,To Be Validated
https://pesacheck.org/pressinquiries@medium.com?source=post_page-----2f3cb7a607f7--------------------------------,To Be Validated
https://medium.com/tag/burkina-faso?source=post_page-----2f3cb7a607f7--------------------------------,To Be Validated
https://medium.com/m/signin?actionUrl=https%3A%2F%2Fmedium.com%2F_%2Fsubscribe%2Fuser%2Fc75918c2df6e&operation=register&redirect=https%3A%2F%2Fpesacheck.org%2Ffaux-le-pr%C3%A9sident-du-zimbabwe-emmerson-mnangagwa-na-pas-%C3%A9t%C3%A9-assassin%C3%A9-2f3cb7a607f7&user=PesaCheck&userId=c75918c2df6e&source=post_page-c75918c2df6e--post_author_info--2f3cb7a607f7---------------------follow_profile-----------,To Be Validated
https://policy.medium.com/medium-rules-30e5502c4eb4?source=post_page---post_responses--2f3cb7a607f7--------------------------------,To Be Validated
https://www.lindependant.fr/2025/01/16/quand-grok-2-lintelligence-artificielle-creee-par-elon-musk-accuse-son-createur-de-fake-news-12449460.php,To Be Validated
https://medium.com/tag/french?source=post_page-----2f3cb7a607f7--------------------------------,To Be Validated
https://medium.com/m/signin?actionUrl=https%3A%2F%2Fmedium.com%2F_%2Fvote%2Fpesa-check%2F2f3cb7a607f7&operation=register&redirect=https%3A%2F%2Fpesacheck.org%2Ffaux-le-pr%25C3%25A9sident-du-zimbabwe-emmerson-mnangagwa-na-pas-%25C3%25A9t%25C3%25A9-assassin%25C3%25A9-2f3cb7a607f7&user=PesaCheck&userId=c75918c2df6e&source=---footer_actions--2f3cb7a607f7---------------------clap_footer-----------,To Be Validated
https://medium.com/business?source=post_page-----2f3cb7a607f7--------------------------------,To Be Validated
https://innovateafrica.fund/,To Be Validated
https://policy.medium.com/medium-privacy-policy-f03bf92035c9?source=post_page-----2f3cb7a607f7--------------------------------,To Be Validated
https://archive.ph/Bmz0n,To Be Validated
https://medium.com/m/signin?actionUrl=https%3A%2F%2Fmedium.com%2F_%2Fbookmark%2Fp%2F2f3cb7a607f7&operation=register&redirect=https%3A%2F%2Fpesacheck.org%2Ffaux-le-pr%25C3%25A9sident-du-zimbabwe-emmerson-mnangagwa-na-pas-%25C3%25A9t%25C3%25A9-assassin%25C3%25A9-2f3cb7a607f7&source=---footer_actions--2f3cb7a607f7---------------------bookmark_footer-----------,To Be Validated
https://pesacheck.org/?source=post_page---post_publication_info--2f3cb7a607f7--------------------------------,To Be Validated
https://medium.com/m/signin?actionUrl=https%3A%2F%2Fmedium.com%2F_%2Fbookmark%2Fp%2F2f3cb7a607f7&operation=register&redirect=https%3A%2F%2Fpesacheck.org%2Ffaux-le-pr%25C3%25A9sident-du-zimbabwe-emmerson-mnangagwa-na-pas-%25C3%25A9t%25C3%25A9-assassin%25C3%25A9-2f3cb7a607f7&source=---header_actions--2f3cb7a607f7---------------------bookmark_footer-----------,To Be Validated
https://medium.com/about?autoplay=1&source=post_page-----2f3cb7a607f7--------------------------------,To Be Validated
https://pesacheck.org/followers?source=post_page---post_publication_info--2f3cb7a607f7--------------------------------,To Be Validated
https://codeforafrica.org/,To Be Validated
https://pesacheck.org/?source=post_page---byline--2f3cb7a607f7--------------------------------,To Be Validated
https://twitter.com/DoreenWainainah,To Be Validated
https://hivemoderation.com/ai-generated-content-detection,To Be Validated
https://twitter.com/demfrances,To Be Validated
https://medium.com/tag/short-form?source=post_page-----2f3cb7a607f7--------------------------------,To Be Validated
https://medium.com/m/signin?operation=register&redirect=https%3A%2F%2Fpesacheck.org%2Ffaux-le-pr%C3%A9sident-du-zimbabwe-emmerson-mnangagwa-na-pas-%C3%A9t%C3%A9-assassin%C3%A9-2f3cb7a607f7&source=post_page---top_nav_layout_nav-----------------------global_nav-----------,To Be Validated
https://medium.statuspage.io/?source=post_page-----2f3cb7a607f7--------------------------------,To Be Validated
https://medium.com/m/signin?actionUrl=https%3A%2F%2Fmedium.com%2F_%2Fsubscribe%2Fuser%2Fc75918c2df6e&operation=register&redirect=https%3A%2F%2Fpesacheck.org%2Ffaux-le-pr%C3%A9sident-du-zimbabwe-emmerson-mnangagwa-na-pas-%C3%A9t%C3%A9-assassin%C3%A9-2f3cb7a607f7&user=PesaCheck&userId=c75918c2df6e&source=post_page-c75918c2df6e--byline--2f3cb7a607f7---------------------post_header-----------,To Be Validated
https://medium.com/m/signin?actionUrl=https%3A%2F%2Fmedium.com%2F_%2Fvote%2Fpesa-check%2F2f3cb7a607f7&operation=register&redirect=https%3A%2F%2Fpesacheck.org%2Ffaux-le-pr%25C3%25A9sident-du-zimbabwe-emmerson-mnangagwa-na-pas-%25C3%25A9t%25C3%25A9-assassin%25C3%25A9-2f3cb7a607f7&user=PesaCheck&userId=c75918c2df6e&source=---header_actions--2f3cb7a607f7---------------------clap_footer-----------,To Be Validated
https://api.whatsapp.com/send/?phone=254780542626&text=&type=phone_number&app_absent=0,To Be Validated
https://x.com/edmnangagwa/status/1878440118723457223,To Be Validated
https://www.icfj.org/our-work/knight/profiles/catherine-gicheru,To Be Validated
mailto:info@pesacheck.org,To Be Validated
https://medium.com/m/signin?operation=login&redirect=https%3A%2F%2Fpesacheck.org%2Ffaux-le-pr%C3%A9sident-du-zimbabwe-emmerson-mnangagwa-na-pas-%C3%A9t%C3%A9-assassin%C3%A9-2f3cb7a607f7&source=post_page---top_nav_layout_nav-----------------------global_nav-----------,To Be Validated
https://medium.com/@PesaCheck?source=post_page---byline--2f3cb7a607f7--------------------------------,To Be Validated
https://www.google.com/search?q=GROK&oq=GROK&gs_lcrp=EgZjaHJvbWUyDggAEEUYJxg5GIAEGIoFMgwIARAAGEMYgAQYigUyBwgCEAAYgAQyBwgDEAAYgAQyBwgEEAAYgAQyBwgFEAAYgAQyBwgGEAAYgAQyBwgHEAAYgAQyBwgIEAAYjwIyBwgJEAAYjwLSAQoxMDQ0MGowajE1qAIJsAIB&sourceid=chrome&ie=UTF-8,To Be Validated
https://www.facebook.com/help/572838089565953?helpref=faq_content,To Be Validated
https://medium.com/@PesaCheck?source=post_page---post_author_info--2f3cb7a607f7--------------------------------,To Be Validated
https://medium.com/@PesaCheck/followers?source=post_page---post_author_info--2f3cb7a607f7--------------------------------,To Be Validated
https://blog.medium.com/?source=post_page-----2f3cb7a607f7--------------------------------,To Be Validated
https://medium.com/@PesaCheck/following?source=post_page---post_author_info--2f3cb7a607f7--------------------------------,To Be Validated
https://x.com/edmnangagwa/status/1877349416933212651,To Be Validated
https://information.tv5monde.com/afrique/zimbabwe-qui-est-emmerson-mnangagwa-le-crocodile-autoritaire-2665669,To Be Validated
https://pesacheck.org/maadeysi-sawirkan-muujinaya-raiisul-wasaaraha-itoobiya-abiy-axmed-iyo-donald-trump-oo-haya-7aaf7fef2989?source=post_page---post_publication_info--2f3cb7a607f7--------------------------------,To Be Validated
https://medium.com/m/signin?redirect=https%3A%2F%2Fpesacheck.org%2F%3Fsource%3D---------6-----------------------&source=--------------------------nav_reg&operation=login,To Be Validated
https://medium.com/m/signin?redirect=https%3A%2F%2Fpesacheck.org%2F%3Fsource%3D---------6-----------------------&source=--------------------------nav_reg&operation=register,To Be Validated
https://pesacheck.org/faux-ce-mus%C3%A9e-pr%C3%A9sentant-des-parties-du-corps-humain-nest-pas-au-burkina-faso-ddc34b2211c7?source=---------7-----------------------,Article
https://medium.statuspage.io/?source=post_page-----ddc34b2211c7--------------------------------,To Be Validated
https://medium.com/tag/burkina-faso?source=post_page-----ddc34b2211c7--------------------------------,To Be Validated
https://policy.medium.com/medium-privacy-policy-f03bf92035c9?source=post_page-----ddc34b2211c7--------------------------------,To Be Validated
https://medium.com/@PesaCheck?source=post_page---byline--ddc34b2211c7--------------------------------,To Be Validated
https://pesacheck.org/maadeysi-sawirkan-muujinaya-raiisul-wasaaraha-itoobiya-abiy-axmed-iyo-donald-trump-oo-haya-7aaf7fef2989?source=post_page---post_publication_info--ddc34b2211c7--------------------------------,To Be Validated
https://medium.com/m/signin?actionUrl=https%3A%2F%2Fmedium.com%2F_%2Fvote%2Fpesa-check%2Fddc34b2211c7&operation=register&redirect=https%3A%2F%2Fpesacheck.org%2Ffaux-ce-mus%25C3%25A9e-pr%25C3%25A9sentant-des-parties-du-corps-humain-nest-pas-au-burkina-faso-ddc34b2211c7&user=PesaCheck&userId=c75918c2df6e&source=---footer_actions--ddc34b2211c7---------------------clap_footer-----------,To Be Validated
https://medium.com/@PesaCheck/followers?source=post_page---post_author_info--ddc34b2211c7--------------------------------,To Be Validated
https://pesacheck.org/?source=post_page---byline--ddc34b2211c7--------------------------------,To Be Validated
https://medium.com/m/signin?actionUrl=https%3A%2F%2Fmedium.com%2F_%2Fvote%2Fpesa-check%2Fddc34b2211c7&operation=register&redirect=https%3A%2F%2Fpesacheck.org%2Ffaux-ce-mus%25C3%25A9e-pr%25C3%25A9sentant-des-parties-du-corps-humain-nest-pas-au-burkina-faso-ddc34b2211c7&user=PesaCheck&userId=c75918c2df6e&source=---header_actions--ddc34b2211c7---------------------clap_footer-----------,To Be Validated
https://pesacheck.org/?source=post_page---post_publication_info--ddc34b2211c7--------------------------------,To Be Validated
https://policy.medium.com/medium-terms-of-service-9db0094a1e0f?source=post_page-----ddc34b2211c7--------------------------------,To Be Validated
https://medium.com/m/signin?actionUrl=https%3A%2F%2Fmedium.com%2F_%2Fsubscribe%2Fuser%2Fc75918c2df6e&operation=register&redirect=https%3A%2F%2Fpesacheck.org%2Ffaux-ce-mus%C3%A9e-pr%C3%A9sentant-des-parties-du-corps-humain-nest-pas-au-burkina-faso-ddc34b2211c7&user=PesaCheck&userId=c75918c2df6e&source=post_page-c75918c2df6e--post_author_info--ddc34b2211c7---------------------follow_profile-----------,To Be Validated
https://art-bodypainting-wallpaper.blogspot.com/2008/03/corpus-human-body-museum-netherlands.html,To Be Validated
https://medium.com/m/signin?actionUrl=https%3A%2F%2Fmedium.com%2F_%2Fsubscribe%2Fuser%2Fc75918c2df6e&operation=register&redirect=https%3A%2F%2Fpesacheck.org%2Ffaux-ce-mus%C3%A9e-pr%C3%A9sentant-des-parties-du-corps-humain-nest-pas-au-burkina-faso-ddc34b2211c7&user=PesaCheck&userId=c75918c2df6e&source=post_page-c75918c2df6e--byline--ddc34b2211c7---------------------post_header-----------,To Be Validated
https://corpusexperience.nl/fr/ontdek-corpus/,To Be Validated
https://medium.com/tag/netherlands?source=post_page-----ddc34b2211c7--------------------------------,To Be Validated
https://medium.com/m/signin?actionUrl=https%3A%2F%2Fmedium.com%2F_%2Fbookmark%2Fp%2Fddc34b2211c7&operation=register&redirect=https%3A%2F%2Fpesacheck.org%2Ffaux-ce-mus%25C3%25A9e-pr%25C3%25A9sentant-des-parties-du-corps-humain-nest-pas-au-burkina-faso-ddc34b2211c7&source=---footer_actions--ddc34b2211c7---------------------bookmark_footer-----------,To Be Validated
https://medium.com/tag/short-form?source=post_page-----ddc34b2211c7--------------------------------,To Be Validated
https://archive.ph/3OmCA,To Be Validated
https://creapills.com/musee-corpus-corps-humain-pays-bas-20221123,To Be Validated
https://medium.com/about?autoplay=1&source=post_page-----ddc34b2211c7--------------------------------,To Be Validated
https://pesacheck.org/pressinquiries@medium.com?source=post_page-----ddc34b2211c7--------------------------------,To Be Validated
https://medium.com/m/signin?operation=register&redirect=https%3A%2F%2Fpesacheck.org%2Ffaux-ce-mus%C3%A9e-pr%C3%A9sentant-des-parties-du-corps-humain-nest-pas-au-burkina-faso-ddc34b2211c7&source=post_page---top_nav_layout_nav-----------------------global_nav-----------,To Be Validated
https://pesacheck.org/followers?source=post_page---post_publication_info--ddc34b2211c7--------------------------------,To Be Validated
https://speechify.com/medium?source=post_page-----ddc34b2211c7--------------------------------,To Be Validated
https://medium.com/business?source=post_page-----ddc34b2211c7--------------------------------,To Be Validated
https://medium.com/@PesaCheck/following?source=post_page---post_author_info--ddc34b2211c7--------------------------------,To Be Validated
https://help.medium.com/hc/en-us?source=post_page-----ddc34b2211c7--------------------------------,To Be Validated
https://blog.medium.com/?source=post_page-----ddc34b2211c7--------------------------------,To Be Validated
https://medium.com/m/signin?actionUrl=https%3A%2F%2Fmedium.com%2F_%2Fsubscribe%2Fcollection%2Fpesa-check&operation=register&redirect=https%3A%2F%2Fpesacheck.org%2Ffaux-ce-mus%C3%A9e-pr%C3%A9sentant-des-parties-du-corps-humain-nest-pas-au-burkina-faso-ddc34b2211c7&collection=PesaCheck&collectionId=ab41f21aa9a9&source=post_page---post_publication_info--ddc34b2211c7---------------------follow_profile-----------,To Be Validated
https://www.google.com/search?q=Mus%C3%A9e+du+Corps+humain+au+Burkina+Faso&oq=Mus%C3%A9e+du+Corps+humain+au+Burkina+Faso&gs_lcrp=EgZjaHJvbWUyBggAEEUYOTIHCAEQIRigATIHCAIQIRigAdIBCTE4MDQwajBqN6gCCLACAQ&sourceid=chrome&ie=UTF-8,To Be Validated
https://medium.com/tag/french?source=post_page-----ddc34b2211c7--------------------------------,To Be Validated
https://medium.com/m/signin?actionUrl=https%3A%2F%2Fmedium.com%2F_%2Fbookmark%2Fp%2Fddc34b2211c7&operation=register&redirect=https%3A%2F%2Fpesacheck.org%2Ffaux-ce-mus%25C3%25A9e-pr%25C3%25A9sentant-des-parties-du-corps-humain-nest-pas-au-burkina-faso-ddc34b2211c7&source=---header_actions--ddc34b2211c7---------------------bookmark_footer-----------,To Be Validated
https://www.bodyworlds.nl/en/?utm_term=bodyworlds&utm_campaign=Brand+-+Amsterdam+-+EN&utm_source=adwords&utm_medium=ppc&hsa_acc=1350010071&hsa_cam=21434879934&hsa_grp=164793531992&hsa_ad=704821318005&hsa_src=g&hsa_tgt=kwd-299106057270&hsa_kw=bodyworlds&hsa_mt=b&hsa_net=adwords&hsa_ver=3&gad_source=1&gclid=EAIaIQobChMIuIrW0o3zigMV0ZNQBh2_cSuIEAAYASAAEgLEJfD_BwE,To Be Validated
https://www.google.com/search?q=mus%C3%A9e+du+corps+humain+pays+bas&oq=Mus%C3%A9e+du+corps+humain&gs_lcrp=EgZjaHJvbWUqBwgCEAAYgAQyDggAEEUYOxhDGIAEGIoFMgcIARAAGIAEMgcIAhAAGIAEMgcIAxAAGIAEMgcIBBAAGIAEMgcIBRAAGIAEMggIBhAAGBYYHjIICAcQABgWGB4yCggIEAAYChgWGB4yCAgJEAAYFhge0gEJMTM3MzJqMGo3qAIAsAIA&sourceid=chrome&ie=UTF-8,To Be Validated
https://rsci.app.link/?%24canonical_url=https%3A%2F%2Fmedium.com%2Fp%2Fddc34b2211c7&%7Efeature=LoOpenInAppButton&%7Echannel=ShowPostUnderCollection&source=---top_nav_layout_nav----------------------------------,To Be Validated
https://archive.ph/ng1m4,To Be Validated
https://medium.com/m/signin?operation=login&redirect=https%3A%2F%2Fpesacheck.org%2Ffaux-ce-mus%C3%A9e-pr%C3%A9sentant-des-parties-du-corps-humain-nest-pas-au-burkina-faso-ddc34b2211c7&source=post_page---top_nav_layout_nav-----------------------global_nav-----------,To Be Validated
https://policy.medium.com/medium-rules-30e5502c4eb4?source=post_page---post_responses--ddc34b2211c7--------------------------------,To Be Validated
https://corpusexperience.nl/fr/,To Be Validated
https://medium.com/@PesaCheck?source=post_page---post_author_info--ddc34b2211c7--------------------------------,To Be Validated
https://medium.com/jobs-at-medium/work-at-medium-959d1a85284e?source=post_page-----ddc34b2211c7--------------------------------,To Be Validated
https://www.google.com/search?sca_esv=7f60150c07601b69&rlz=1C5CHFA_enCM966CM966&q=drapeau+du+burkina+faso&udm=2&fbs=AEQNm0CbCVgAZ5mWEJDg6aoPVcBgTlosgQSuzBMlnAdio07UCCJug3WzoI_0_7bcYmDUufwL4h0h9JsKaCFDU5b_RnWAt1adCKXrFFbfXH2luLM4A-71CBqV7UZTZ0oAlmSCdwAXpouJRezVbNPWjpFsY4RwpdrOsh76j6Vx6B6imv91eoHcQyqTRYDGMaSIWvLc7LMurUJG&sa=X&sqi=2&ved=2ahUKEwjPmKalv_WKAxXGX0EAHa5PBQAQtKgLegQIEhAB&biw=1440&bih=778&dpr=2,To Be Validated
https://medium.com/pesa-check?source=user_profile_page---------5-------------c75918c2df6e---------------,To Be Validated
https://pesacheck.org/m/signin?actionUrl=https%3A%2F%2Fmedium.com%2F_%2Fbookmark%2Fp%2F249a5aedbafe&operation=register&redirect=https%3A%2F%2Fpesacheck.org%2Fpartly-false-these-images-dont-show-an-explosion-at-a-power-plant-in-texas-in-january-2025-249a5aedbafe&source=---------6-------------c75918c2df6e----bookmark_preview-----------,To Be Validated
https://help.medium.com/hc/en-us?source=user_profile_page---user_sidebar-------------------c75918c2df6e---------------,To Be Validated
https://pesacheck.org/pressinquiries@medium.com?source=user_profile_page---user_sidebar-------------------c75918c2df6e---------------,To Be Validated
https://pesacheck.org/m/signin?actionUrl=%2F_%2Fapi%2Fsubscriptions%2Fnewsletters%2Fe03578ca6f39&operation=register&redirect=https%3A%2F%2Fmedium.com%2F%40PesaCheck&newsletterV3=c75918c2df6e&newsletterV3Id=e03578ca6f39&user=PesaCheck&userId=c75918c2df6e&source=---user_sidebar-------------------c75918c2df6e----subscribe_user-----------,To Be Validated
https://speechify.com/medium?source=user_profile_page---user_sidebar-------------------c75918c2df6e---------------,To Be Validated
https://medium.com/coronavirusfacts-strengthening-and-setting-up-a?source=user_profile_page---blogroll-------------------c75918c2df6e---------------,To Be Validated
https://medium.com/pesa-check?source=user_profile_page---------4-------------c75918c2df6e---------------,To Be Validated
https://pesacheck.org/m/signin?actionUrl=https%3A%2F%2Fmedium.com%2F_%2Fbookmark%2Fp%2F9293dfd09361&operation=register&redirect=https%3A%2F%2Fpesacheck.org%2Fpartly-false-this-image-doesnt-depict-aftermath-of-three-explosions-in-mogadishu-in-2025-9293dfd09361&source=---------4-------------c75918c2df6e----bookmark_preview-----------,To Be Validated
https://pesacheck.org/@PesaCheck/followers?source=user_profile_page---user_sidebar-------------------c75918c2df6e---------------,To Be Validated
https://pesacheck.org/@PesaCheck/followers?source=user_profile_page----------------------c75918c2df6e---------------,To Be Validated
https://medium.com/pesa-check?source=user_profile_page---------3-------------c75918c2df6e---------------,To Be Validated
https://medium.com/pesa-check?source=user_profile_page---------9-------------c75918c2df6e---------------,To Be Validated
https://pesacheck.org/m/signin?actionUrl=https%3A%2F%2Fmedium.com%2F_%2Fbookmark%2Fp%2Fd7992c58f59e&operation=register&redirect=https%3A%2F%2Fpesacheck.org%2Ffalse-ugandas-first-deputy-prime-minister-rebecca-kadaga-is-alive-d7992c58f59e&source=---------9-------------c75918c2df6e----bookmark_preview-----------,To Be Validated
https://medium.statuspage.io/?source=user_profile_page---user_sidebar-------------------c75918c2df6e---------------,To Be Validated
https://pesacheck.org/about?autoplay=1&source=user_profile_page---user_sidebar-------------------c75918c2df6e---------------,To Be Validated
https://medium.com/africanfactcheckingalliance?source=user_profile_page---blogroll-------------------c75918c2df6e---------------,To Be Validated
https://pesacheck.org/pesa-check/false-ugandas-first-deputy-prime-minister-rebecca-kadaga-is-alive-d7992c58f59e?source=user_profile_page---------9-------------c75918c2df6e---------------,To Be Validated
https://medium.com/pesa-check?source=user_profile_page---blogroll-------------------c75918c2df6e---------------,To Be Validated
https://medium.com/pesa-check?source=user_profile_page---------1-------------c75918c2df6e---------------,To Be Validated
https://pesacheck.org/search?source=---two_column_layout_nav----------------------------------,To Be Validated
https://pesacheck.org/@PesaCheck/about?source=user_profile_page----------------------c75918c2df6e---------------,To Be Validated
https://pesacheck.org/?source=---two_column_layout_nav----------------------------------,To Be Validated
https://pesacheck.org/pesa-check/satire-this-image-showing-ethiopian-pm-abiy-ahmed-and-donald-trump-holding-the-somaliland-flag-is-2ab9dffb16ef?source=user_profile_page---------2-------------c75918c2df6e---------------,To Be Validated
https://pesacheck.org/pesa-check/qeyb-ahaan-been-ah-sawirradan-ma-ahan-qarax-ka-dhacay-warshad-koronto-oo-ku-taalla-texas-janaayo-dd5f9915b6d9?source=user_profile_page---------5-------------c75918c2df6e---------------,To Be Validated
https://medium.com/our-county-our-responsibility?source=user_profile_page---blogroll-------------------c75918c2df6e---------------,To Be Validated
https://medium.com/pesa-check?source=user_profile_page---------0-------------c75918c2df6e---------------,To Be Validated
https://medium.com/pesa-check?source=user_profile_page---------7-------------c75918c2df6e---------------,To Be Validated
https://rsci.app.link/?%24canonical_url=https%3A%2F%2Fmedium.com%2F%40PesaCheck&%7Efeature=LoOpenInAppButton&%7Echannel=ShowUser&source=---two_column_layout_nav----------------------------------,To Be Validated
https://pesacheck.org/pesa-check/altered-this-screenshot-of-a-post-by-fbc-is-doctored-13c7e6c492f4?source=user_profile_page---------7-------------c75918c2df6e---------------,To Be Validated
https://medium.com/pesa-check?source=user_profile_page---------2-------------c75918c2df6e---------------,To Be Validated
https://blog.medium.com/?source=user_profile_page---user_sidebar-------------------c75918c2df6e---------------,To Be Validated
https://pesacheck.org/pesa-check/fake-these-digital-cards-on-kenyans-earning-billions-weekly-from-affordable-housing-programme-are-3a5e0d29f17b?source=user_profile_page---------0-------------c75918c2df6e---------------,To Be Validated
https://policy.medium.com/medium-privacy-policy-f03bf92035c9?source=user_profile_page---user_sidebar-------------------c75918c2df6e---------------,To Be Validated
https://pesacheck.org/m/signin?actionUrl=https%3A%2F%2Fmedium.com%2F_%2Fbookmark%2Fp%2Fdd5f9915b6d9&operation=register&redirect=https%3A%2F%2Fpesacheck.org%2Fqeyb-ahaan-been-ah-sawirradan-ma-ahan-qarax-ka-dhacay-warshad-koronto-oo-ku-taalla-texas-janaayo-dd5f9915b6d9&source=---------5-------------c75918c2df6e----bookmark_preview-----------,To Be Validated
https://pesacheck.org/pesa-check/canular-cet-avis-de-recrutement-na-pas-été-émis-par-le-pam-f1f9a147d304?source=user_profile_page---------8-------------c75918c2df6e---------------,To Be Validated
https://pesacheck.org/m/signin?actionUrl=https%3A%2F%2Fmedium.com%2F_%2Fbookmark%2Fp%2Ff1f9a147d304&operation=register&redirect=https%3A%2F%2Fpesacheck.org%2Fcanular-cet-avis-de-recrutement-na-pas-%25C3%25A9t%25C3%25A9-%25C3%25A9mis-par-le-pam-f1f9a147d304&source=---------8-------------c75918c2df6e----bookmark_preview-----------,To Be Validated
https://pesacheck.org/pesa-check/maadeysi-sawirkan-muujinaya-raiisul-wasaaraha-itoobiya-abiy-axmed-iyo-donald-trump-oo-haya-7aaf7fef2989?source=user_profile_page---------1-------------c75918c2df6e---------------,To Be Validated
https://medium.com/in-the-name-of-religion?source=user_profile_page---blogroll-------------------c75918c2df6e---------------,To Be Validated
https://pesacheck.org/m/signin?operation=register&redirect=https%3A%2F%2Fmedium.com%2Fnew-story&source=---two_column_layout_nav-----------------------new_post_topnav-----------,To Be Validated
https://pesacheck.org/m/signin?actionUrl=https%3A%2F%2Fmedium.com%2F_%2Fbookmark%2Fp%2F2ab9dffb16ef&operation=register&redirect=https%3A%2F%2Fpesacheck.org%2Fsatire-this-image-showing-ethiopian-pm-abiy-ahmed-and-donald-trump-holding-the-somaliland-flag-is-2ab9dffb16ef&source=---------2-------------c75918c2df6e----bookmark_preview-----------,To Be Validated
https://pesacheck.org/@PesaCheck?source=user_profile_page----------------------c75918c2df6e---------------,To Be Validated
https://pesacheck.org/m/signin?actionUrl=https%3A%2F%2Fmedium.com%2F_%2Fbookmark%2Fp%2F3a5e0d29f17b&operation=register&redirect=https%3A%2F%2Fpesacheck.org%2Ffake-these-digital-cards-on-kenyans-earning-billions-weekly-from-affordable-housing-programme-are-3a5e0d29f17b&source=---------0-------------c75918c2df6e----bookmark_preview-----------,To Be Validated
https://pesacheck.org/pesa-check/qeyb-ahaan-been-ah-sawirkan-ma-ahan-saameynta-saddex-qarax-oo-ka-dhacday-muqdisho-2025-ace20af7b7dc?source=user_profile_page---------3-------------c75918c2df6e---------------,To Be Validated
https://medium.com/pesa-check?source=user_profile_page---------6-------------c75918c2df6e---------------,To Be Validated
https://pesacheck.org/m/signin?operation=login&redirect=https%3A%2F%2Fmedium.com%2F%40PesaCheck&source=user_profile_page---two_column_layout_nav-----------------------global_nav-----------,To Be Validated
https://pesacheck.org/m/signin?actionUrl=https%3A%2F%2Fmedium.com%2F_%2Fbookmark%2Fp%2F7aaf7fef2989&operation=register&redirect=https%3A%2F%2Fpesacheck.org%2Fmaadeysi-sawirkan-muujinaya-raiisul-wasaaraha-itoobiya-abiy-axmed-iyo-donald-trump-oo-haya-7aaf7fef2989&source=---------1-------------c75918c2df6e----bookmark_preview-----------,To Be Validated
https://pesacheck.org/m/signin?actionUrl=https%3A%2F%2Fmedium.com%2F_%2Fbookmark%2Fp%2Face20af7b7dc&operation=register&redirect=https%3A%2F%2Fpesacheck.org%2Fqeyb-ahaan-been-ah-sawirkan-ma-ahan-saameynta-saddex-qarax-oo-ka-dhacday-muqdisho-2025-ace20af7b7dc&source=---------3-------------c75918c2df6e----bookmark_preview-----------,To Be Validated
https://pesacheck.org/pesa-check/partly-false-this-image-doesnt-depict-aftermath-of-three-explosions-in-mogadishu-in-2025-9293dfd09361?source=user_profile_page---------4-------------c75918c2df6e---------------,To Be Validated
https://pesacheck.org/pesa-check/partly-false-these-images-dont-show-an-explosion-at-a-power-plant-in-texas-in-january-2025-249a5aedbafe?source=user_profile_page---------6-------------c75918c2df6e---------------,To Be Validated
https://pesacheck.org/@PesaCheck/following?source=user_profile_page---blogroll-------------------c75918c2df6e---------------,To Be Validated
https://policy.medium.com/medium-terms-of-service-9db0094a1e0f?source=user_profile_page---user_sidebar-------------------c75918c2df6e---------------,To Be Validated
https://pesacheck.org/m/signin?actionUrl=https%3A%2F%2Fmedium.com%2F_%2Fbookmark%2Fp%2F13c7e6c492f4&operation=register&redirect=https%3A%2F%2Fpesacheck.org%2Faltered-this-screenshot-of-a-post-by-fbc-is-doctored-13c7e6c492f4&source=---------7-------------c75918c2df6e----bookmark_preview-----------,To Be Validated
https://pesacheck.org/jobs-at-medium/work-at-medium-959d1a85284e?source=user_profile_page---user_sidebar-------------------c75918c2df6e---------------,To Be Validated
https://medium.com/pesa-check?source=user_profile_page---------8-------------c75918c2df6e---------------,To Be Validated
https://pesacheck.org/business?source=user_profile_page---user_sidebar-------------------c75918c2df6e---------------,To Be Validated
https://medium.com/m/signin?redirect=https%3A%2F%2Fpesacheck.org%2F%3Fsource%3D---------8-----------------------&source=--------------------------nav_reg&operation=login,To Be Validated
https://medium.com/m/signin?redirect=https%3A%2F%2Fpesacheck.org%2F%3Fsource%3D---------8-----------------------&source=--------------------------nav_reg&operation=register,To Be Validated
https://medium.com/m/signin?redirect=https%3A%2F%2Fpesacheck.org%2F%3Fsource%3D---------5-----------------------&source=--------------------------nav_reg&operation=register,To Be Validated
https://medium.com/m/signin?redirect=https%3A%2F%2Fpesacheck.org%2F%3Fsource%3D---------5-----------------------&source=--------------------------nav_reg&operation=login,To Be Validated
https://medium.com/m/signin?redirect=https%3A%2F%2Fpesacheck.org%2F%3Fsource%3D---------2-----------------------&source=--------------------------nav_reg&operation=register,To Be Validated
https://medium.com/m/signin?redirect=https%3A%2F%2Fpesacheck.org%2F%3Fsource%3D---------2-----------------------&source=--------------------------nav_reg&operation=login,To Be Validated
https://medium.com/m/signin?redirect=https%3A%2F%2Fpesacheck.org%2F%3Fsource%3D---------4-----------------------&source=--------------------------nav_reg&operation=register,To Be Validated
https://medium.com/m/signin?redirect=https%3A%2F%2Fpesacheck.org%2F%3Fsource%3D---------4-----------------------&source=--------------------------nav_reg&operation=login,To Be Validated
https://rsci.app.link/?%24canonical_url=https%3A%2F%2Fmedium.com%2Ftag%2Fburkina-faso&%7Efeature=LoOpenInAppButton&%7Echannel=ShowTagPosts&source=---top_nav_layout_nav----------------------------------,To Be Validated
https://medium.com/m/signin?actionUrl=https%3A%2F%2Fmedium.com%2F_%2Fbookmark%2Fp%2Fa5c5f448e788&operation=register&redirect=https%3A%2F%2Fmedium.com%2F%40tigerrifkinwittyobserver%2Fthe-young-lion-who-roared-against-french-colonialism-in-africa-a5c5f448e788&source=---recommended_stories---burkina_faso---0-84----------------bookmark_preview----55a9b2de_6a04_464e_8343_86be56a6b8b1-------,To Be Validated
https://medium.com/m/signin?actionUrl=https%3A%2F%2Fmedium.com%2F_%2Fbookmark%2Fp%2F04d01db9ade8&operation=register&redirect=https%3A%2F%2Ftbobwoge.medium.com%2Fcatholic-racists-saint-davids-church-willow-grove-immigrants-bring-diseases-are-dirty-04d01db9ade8&source=---recommended_stories---burkina_faso---2-84----------------bookmark_preview----55a9b2de_6a04_464e_8343_86be56a6b8b1-------,To Be Validated
https://medium.com/tag/travel?source=topic_portal---topic_nav---burkina_faso-------------------------------,To Be Validated
https://medium.com/tag/french?source=topic_portal---topic_nav---burkina_faso-------------------------------,To Be Validated
https://medium.com/tag/africa?source=topic_portal---topic_nav---burkina_faso-------------------------------,To Be Validated
https://medium.com/@tigerrifkinwittyobserver?source=topic_portal---recommended_stories---burkina_faso---0-84--------------------55a9b2de_6a04_464e_8343_86be56a6b8b1-------,To Be Validated
https://medium.com/m/signin?actionUrl=https%3A%2F%2Fmedium.com%2F_%2Fbookmark%2Fp%2F1e00084b2c83&operation=register&redirect=https%3A%2F%2Fstevelalla.medium.com%2Fburkina-fasos-president-traor%25C3%25A9-delivers-anti-imperialist-speech-at-russia-africa-summit-1e00084b2c83&source=---recommended_stories---burkina_faso---5-85----------------bookmark_preview----55a9b2de_6a04_464e_8343_86be56a6b8b1-------,To Be Validated
https://medium.com/m/signin?actionUrl=https%3A%2F%2Fmedium.com%2F_%2Fbookmark%2Fp%2Fa004363c7ab9&operation=register&redirect=https%3A%2F%2Fmedium.com%2Fusaid-2030%2Fcommunity-catalysts-for-change-a004363c7ab9&source=---recommended_stories---burkina_faso---3-85----------------bookmark_preview----55a9b2de_6a04_464e_8343_86be56a6b8b1-------,To Be Validated
https://medium.com/m/signin?operation=login&redirect=https%3A%2F%2Fmedium.com%2Ftag%2Fburkina-faso&source=login---top_nav_layout_nav-----------------------global_nav-----------,To Be Validated
https://medium.com/@tbobwoge/catholic-racists-saint-davids-church-willow-grove-immigrants-bring-diseases-are-dirty-04d01db9ade8?source=topic_portal---recommended_stories---burkina_faso---2-84--------------------55a9b2de_6a04_464e_8343_86be56a6b8b1-------,To Be Validated
https://medium.com/@sbmintel?source=topic_portal---recommended_stories---burkina_faso---4-84--------------------55a9b2de_6a04_464e_8343_86be56a6b8b1-------,To Be Validated
https://medium.com/@nadiamensah_24111?source=topic_portal---recommended_stories---burkina_faso---1-85--------------------55a9b2de_6a04_464e_8343_86be56a6b8b1-------,To Be Validated
https://medium.com/@tigerrifkinwittyobserver/the-young-lion-who-roared-against-french-colonialism-in-africa-a5c5f448e788?source=topic_portal---recommended_stories---burkina_faso---0-84--------------------55a9b2de_6a04_464e_8343_86be56a6b8b1-------,To Be Validated
https://medium.com/tag/short-form?source=topic_portal---topic_nav---burkina_faso-------------------------------,To Be Validated
https://medium.com/tag/burkina-faso?source=topic_portal---topic_nav---burkina_faso-------------------------------,To Be Validated
https://medium.com/explore-topics?source=topic_portal---topic_nav---burkina_faso-------------------------------,To Be Validated
https://medium.com/@tbobwoge?source=topic_portal---recommended_stories---burkina_faso---2-84--------------------55a9b2de_6a04_464e_8343_86be56a6b8b1-------,To Be Validated
https://medium.com/@sbmintel/safe-haven-7b894d49d868?source=topic_portal---recommended_stories---burkina_faso---4-84--------------------55a9b2de_6a04_464e_8343_86be56a6b8b1-------,To Be Validated
https://medium.com/tag/humanitarian?source=topic_portal---topic_nav---burkina_faso-------------------------------,To Be Validated
https://medium.com/@tbobwoge?source=topic_portal---recommended_stories---burkina_faso---6-84--------------------55a9b2de_6a04_464e_8343_86be56a6b8b1-------,To Be Validated
https://medium.com/tag/burkina-faso/recommended?source=topic_portal------burkina_faso-------------------------------,To Be Validated
https://medium.com/tag/mali?source=topic_portal---topic_nav---burkina_faso-------------------------------,To Be Validated
https://medium.com/@dwomowale/what-the-aes-means-for-africa-1d7680f8444f?source=topic_portal---recommended_stories---burkina_faso---7-85--------------------55a9b2de_6a04_464e_8343_86be56a6b8b1-------,To Be Validated
https://medium.com/@stevelalla?source=topic_portal---recommended_stories---burkina_faso---5-85--------------------55a9b2de_6a04_464e_8343_86be56a6b8b1-------,To Be Validated
https://medium.com/@stevelalla/burkina-fasos-president-traoré-delivers-anti-imperialist-speech-at-russia-africa-summit-1e00084b2c83?source=topic_portal---recommended_stories---burkina_faso---5-85--------------------55a9b2de_6a04_464e_8343_86be56a6b8b1-------,To Be Validated
https://medium.com/@USAID?source=topic_portal---recommended_stories---burkina_faso---3-85--------------------55a9b2de_6a04_464e_8343_86be56a6b8b1-------,To Be Validated
https://medium.com/tag/politics?source=topic_portal---topic_nav---burkina_faso-------------------------------,To Be Validated
https://medium.com/@tbobwoge/ghana-will-always-be-a-county-that-sells-africans-to-the-west-936e17faf5a5?source=topic_portal---recommended_stories---burkina_faso---6-84--------------------55a9b2de_6a04_464e_8343_86be56a6b8b1-------,To Be Validated
https://medium.com/m/signin?actionUrl=https%3A%2F%2Fmedium.com%2F_%2Fbookmark%2Fp%2F936e17faf5a5&operation=register&redirect=https%3A%2F%2Ftbobwoge.medium.com%2Fghana-will-always-be-a-county-that-sells-africans-to-the-west-936e17faf5a5&source=---recommended_stories---burkina_faso---6-84----------------bookmark_preview----55a9b2de_6a04_464e_8343_86be56a6b8b1-------,To Be Validated
https://medium.com/@dwomowale?source=topic_portal---recommended_stories---burkina_faso---7-85--------------------55a9b2de_6a04_464e_8343_86be56a6b8b1-------,To Be Validated
https://medium.com/@nadiamensah_24111/2-key-messages-ghana-delivered-to-the-world-at-prez-john-mahamas-inauguration-d6778c55f9c4?source=topic_portal---recommended_stories---burkina_faso---1-85--------------------55a9b2de_6a04_464e_8343_86be56a6b8b1-------,To Be Validated
https://medium.com/m/signin?actionUrl=https%3A%2F%2Fmedium.com%2F_%2Fbookmark%2Fp%2F1d7680f8444f&operation=register&redirect=https%3A%2F%2Fdwomowale.medium.com%2Fwhat-the-aes-means-for-africa-1d7680f8444f&source=---recommended_stories---burkina_faso---7-85----------------bookmark_preview----55a9b2de_6a04_464e_8343_86be56a6b8b1-------,To Be Validated
https://medium.com/m/signin?actionUrl=https%3A%2F%2Fmedium.com%2F_%2Fbookmark%2Fp%2F7b894d49d868&operation=register&redirect=https%3A%2F%2Fmedium.com%2F%40sbmintel%2Fsafe-haven-7b894d49d868&source=---recommended_stories---burkina_faso---4-84----------------bookmark_preview----55a9b2de_6a04_464e_8343_86be56a6b8b1-------,To Be Validated
https://medium.com/m/signin?actionUrl=https%3A%2F%2Fmedium.com%2F_%2Fbookmark%2Fp%2Fd6778c55f9c4&operation=register&redirect=https%3A%2F%2Fmedium.com%2F%40nadiamensah_24111%2F2-key-messages-ghana-delivered-to-the-world-at-prez-john-mahamas-inauguration-d6778c55f9c4&source=---recommended_stories---burkina_faso---1-85----------------bookmark_preview----55a9b2de_6a04_464e_8343_86be56a6b8b1-------,To Be Validated
https://medium.com/usaid-2030?source=topic_portal---recommended_stories---burkina_faso---3-85--------------------55a9b2de_6a04_464e_8343_86be56a6b8b1-------,To Be Validated
https://medium.com/usaid-2030/community-catalysts-for-change-a004363c7ab9?source=topic_portal---recommended_stories---burkina_faso---3-85--------------------55a9b2de_6a04_464e_8343_86be56a6b8b1-------,To Be Validated
https://medium.com/tag/niger?source=topic_portal---topic_nav---burkina_faso-------------------------------,To Be Validated
https://medium.com/m/signin?actionUrl=https%3A%2F%2Fmedium.com%2Fsignedin%2Fsubscriptions%2Ftag%2Fburkina-faso%3FfollowSource%3Dtopics_v2&operation=register&redirect=https%3A%2F%2Fmedium.com%2Ftag%2Fburkina-faso&source=------burkina_faso--------------------follow_tag-----------,To Be Validated
https://medium.com/tag/covid19?source=topic_portal---topic_nav---burkina_faso-------------------------------,To Be Validated
https://pesacheck.org/faux-ces-missiles-nont-pas-%C3%A9t%C3%A9-activ%C3%A9s-par-l-arm%C3%A9e-malienne-9580bdc40010?source=---------5-----------------------,Article
https://medium.com/tag/short-form?source=post_page-----9580bdc40010--------------------------------,To Be Validated
https://pesacheck.org/maadeysi-sawirkan-muujinaya-raiisul-wasaaraha-itoobiya-abiy-axmed-iyo-donald-trump-oo-haya-7aaf7fef2989?source=post_page---post_publication_info--9580bdc40010--------------------------------,To Be Validated
https://blog.medium.com/?source=post_page-----9580bdc40010--------------------------------,To Be Validated
https://youtu.be/OkuFUCigHgc?t=242,To Be Validated
https://pesacheck.org/?source=post_page---byline--9580bdc40010--------------------------------,To Be Validated
https://medium.com/jobs-at-medium/work-at-medium-959d1a85284e?source=post_page-----9580bdc40010--------------------------------,To Be Validated
https://medium.com/tag/burkina-faso?source=post_page-----9580bdc40010--------------------------------,To Be Validated
https://policy.medium.com/medium-terms-of-service-9db0094a1e0f?source=post_page-----9580bdc40010--------------------------------,To Be Validated
https://pesacheck.org/followers?source=post_page---post_publication_info--9580bdc40010--------------------------------,To Be Validated
https://medium.com/@PesaCheck?source=post_page---post_author_info--9580bdc40010--------------------------------,To Be Validated
https://rsci.app.link/?%24canonical_url=https%3A%2F%2Fmedium.com%2Fp%2F9580bdc40010&%7Efeature=LoOpenInAppButton&%7Echannel=ShowPostUnderCollection&source=---top_nav_layout_nav----------------------------------,To Be Validated
https://medium.com/tag/french?source=post_page-----9580bdc40010--------------------------------,To Be Validated
https://medium.com/tag/mali?source=post_page-----9580bdc40010--------------------------------,To Be Validated
https://youtu.be/A3S0L9RReP4?feature=shared,To Be Validated
https://medium.com/business?source=post_page-----9580bdc40010--------------------------------,To Be Validated
https://medium.statuspage.io/?source=post_page-----9580bdc40010--------------------------------,To Be Validated
https://www.google.com/search?q=syst%C3%A8me+de+d%C3%A9fense+a%C3%A9rienne+S-350+Vityaz&oq=syst%C3%A8me+de+d%C3%A9fense+a%C3%A9rienne+S-350+Vityaz&gs_lcrp=EgZjaHJvbWUyBggAEEUYOTIHCAEQIRifBTIHCAIQIRifBTIHCAMQIRifBTIHCAQQIRifBTIHCAUQIRifBTIHCAYQIRifBTIHCAcQIRifBdIBCDE0MTRqMGo3qAIAsAIA&sourceid=chrome&ie=UTF-8,To Be Validated
https://medium.com/m/signin?actionUrl=https%3A%2F%2Fmedium.com%2F_%2Fsubscribe%2Fuser%2Fc75918c2df6e&operation=register&redirect=https%3A%2F%2Fpesacheck.org%2Ffaux-ces-missiles-nont-pas-%C3%A9t%C3%A9-activ%C3%A9s-par-l-arm%C3%A9e-malienne-9580bdc40010&user=PesaCheck&userId=c75918c2df6e&source=post_page-c75918c2df6e--byline--9580bdc40010---------------------post_header-----------,To Be Validated
https://youtu.be/OkuFUCigHgc?t=14,To Be Validated
https://archive.ph/5vZ2c,To Be Validated
https://medium.com/m/signin?actionUrl=https%3A%2F%2Fmedium.com%2F_%2Fvote%2Fpesa-check%2F9580bdc40010&operation=register&redirect=https%3A%2F%2Fpesacheck.org%2Ffaux-ces-missiles-nont-pas-%25C3%25A9t%25C3%25A9-activ%25C3%25A9s-par-l-arm%25C3%25A9e-malienne-9580bdc40010&user=PesaCheck&userId=c75918c2df6e&source=---footer_actions--9580bdc40010---------------------clap_footer-----------,To Be Validated
https://policy.medium.com/medium-privacy-policy-f03bf92035c9?source=post_page-----9580bdc40010--------------------------------,To Be Validated
https://pesacheck.org/?source=post_page---post_publication_info--9580bdc40010--------------------------------,To Be Validated
https://medium.com/@PesaCheck/following?source=post_page---post_author_info--9580bdc40010--------------------------------,To Be Validated
https://help.medium.com/hc/en-us?source=post_page-----9580bdc40010--------------------------------,To Be Validated
https://medium.com/m/signin?actionUrl=https%3A%2F%2Fmedium.com%2F_%2Fsubscribe%2Fcollection%2Fpesa-check&operation=register&redirect=https%3A%2F%2Fpesacheck.org%2Ffaux-ces-missiles-nont-pas-%C3%A9t%C3%A9-activ%C3%A9s-par-l-arm%C3%A9e-malienne-9580bdc40010&collection=PesaCheck&collectionId=ab41f21aa9a9&source=post_page---post_publication_info--9580bdc40010---------------------follow_profile-----------,To Be Validated
https://medium.com/m/signin?operation=register&redirect=https%3A%2F%2Fpesacheck.org%2Ffaux-ces-missiles-nont-pas-%C3%A9t%C3%A9-activ%C3%A9s-par-l-arm%C3%A9e-malienne-9580bdc40010&source=post_page---top_nav_layout_nav-----------------------global_nav-----------,To Be Validated
https://www.google.com/search?q=Missile+malien+activ%C3%A9&oq=Missile+malien+activ%C3%A9&gs_lcrp=EgZjaHJvbWUyBggAEEUYOTIHCAEQIRigATIHCAIQIRigAdIBCDgzMjZqMGo3qAIIsAIB&sourceid=chrome&ie=UTF-8,To Be Validated
https://policy.medium.com/medium-rules-30e5502c4eb4?source=post_page---post_responses--9580bdc40010--------------------------------,To Be Validated
https://youtu.be/A3S0L9RReP4?t=243,To Be Validated
https://speechify.com/medium?source=post_page-----9580bdc40010--------------------------------,To Be Validated
https://pesacheck.org/pressinquiries@medium.com?source=post_page-----9580bdc40010--------------------------------,To Be Validated
https://medium.com/@PesaCheck?source=post_page---byline--9580bdc40010--------------------------------,To Be Validated
https://medium.com/@PesaCheck/followers?source=post_page---post_author_info--9580bdc40010--------------------------------,To Be Validated
https://medium.com/m/signin?actionUrl=https%3A%2F%2Fmedium.com%2F_%2Fsubscribe%2Fuser%2Fc75918c2df6e&operation=register&redirect=https%3A%2F%2Fpesacheck.org%2Ffaux-ces-missiles-nont-pas-%C3%A9t%C3%A9-activ%C3%A9s-par-l-arm%C3%A9e-malienne-9580bdc40010&user=PesaCheck&userId=c75918c2df6e&source=post_page-c75918c2df6e--post_author_info--9580bdc40010---------------------follow_profile-----------,To Be Validated
https://youtu.be/OkuFUCigHgc?t=47,To Be Validated
https://youtu.be/OkuFUCigHgc?si=drTIy4NW1sEokJb4,To Be Validated
https://medium.com/m/signin?actionUrl=https%3A%2F%2Fmedium.com%2F_%2Fbookmark%2Fp%2F9580bdc40010&operation=register&redirect=https%3A%2F%2Fpesacheck.org%2Ffaux-ces-missiles-nont-pas-%25C3%25A9t%25C3%25A9-activ%25C3%25A9s-par-l-arm%25C3%25A9e-malienne-9580bdc40010&source=---header_actions--9580bdc40010---------------------bookmark_footer-----------,To Be Validated
https://youtu.be/1PKuqiwN9GU,To Be Validated
https://archive.ph/MWqnz,To Be Validated
https://medium.com/m/signin?actionUrl=https%3A%2F%2Fmedium.com%2F_%2Fbookmark%2Fp%2F9580bdc40010&operation=register&redirect=https%3A%2F%2Fpesacheck.org%2Ffaux-ces-missiles-nont-pas-%25C3%25A9t%25C3%25A9-activ%25C3%25A9s-par-l-arm%25C3%25A9e-malienne-9580bdc40010&source=---footer_actions--9580bdc40010---------------------bookmark_footer-----------,To Be Validated
https://medium.com/m/signin?operation=login&redirect=https%3A%2F%2Fpesacheck.org%2Ffaux-ces-missiles-nont-pas-%C3%A9t%C3%A9-activ%C3%A9s-par-l-arm%C3%A9e-malienne-9580bdc40010&source=post_page---top_nav_layout_nav-----------------------global_nav-----------,To Be Validated
https://medium.com/m/signin?actionUrl=https%3A%2F%2Fmedium.com%2F_%2Fvote%2Fpesa-check%2F9580bdc40010&operation=register&redirect=https%3A%2F%2Fpesacheck.org%2Ffaux-ces-missiles-nont-pas-%25C3%25A9t%25C3%25A9-activ%25C3%25A9s-par-l-arm%25C3%25A9e-malienne-9580bdc40010&user=PesaCheck&userId=c75918c2df6e&source=---header_actions--9580bdc40010---------------------clap_footer-----------,To Be Validated
https://youtu.be/OkuFUCigHgc?t=122,To Be Validated
https://medium.com/about?autoplay=1&source=post_page-----9580bdc40010--------------------------------,To Be Validated
https://medium.com/m/signin?redirect=https%3A%2F%2Fpesacheck.org%2F%3Fsource%3D---------3-----------------------&source=--------------------------nav_reg&operation=register,To Be Validated
https://medium.com/m/signin?redirect=https%3A%2F%2Fpesacheck.org%2F%3Fsource%3D---------3-----------------------&source=--------------------------nav_reg&operation=login,To Be Validated
https://medium.com/m/signin?redirect=https%3A%2F%2Fpesacheck.org%2F%3Fsource%3Dlogo-lo_fbebf70baf4f---ab41f21aa9a9&source=--------------------------nav_reg&operation=login,To Be Validated
https://medium.com/m/signin?redirect=https%3A%2F%2Fpesacheck.org%2F%3Fsource%3Dlogo-lo_fbebf70baf4f---ab41f21aa9a9&source=--------------------------nav_reg&operation=register,To Be Validated
https://medium.com/tag/french?source=post_page-----242936a97018--------------------------------,To Be Validated
https://medium.com/tag/short-form?source=post_page-----242936a97018--------------------------------,To Be Validated
https://medium.com/m/signin?actionUrl=https%3A%2F%2Fmedium.com%2F_%2Fsubscribe%2Fuser%2Fc75918c2df6e&operation=register&redirect=https%3A%2F%2Fpesacheck.org%2Ffaux-cette-vid%C3%A9o-ne-montre-pas-larriv%C3%A9e-de-la-d%C3%A9pouille-de-jean-marie-le-pen-%C3%A0-alger-242936a97018&user=PesaCheck&userId=c75918c2df6e&source=post_page-c75918c2df6e--byline--242936a97018---------------------post_header-----------,To Be Validated
https://www.google.com/search?q=Fun%C3%A9railles+de+Roger+Hanin+%C3%A0+Alger&oq=Fun%C3%A9railles+de+Roger+Hanin+%C3%A0+Alger&gs_lcrp=EgZjaHJvbWUyBggAEEUYOTIHCAEQIRigAdIBCTIyNjMyajBqN6gCCLACAQ&sourceid=chrome&ie=UTF-8,To Be Validated
https://medium.com/@PesaCheck/followers?source=post_page---post_author_info--242936a97018--------------------------------,To Be Validated
https://pesacheck.org/?source=post_page---post_publication_info--242936a97018--------------------------------,To Be Validated
https://rsci.app.link/?%24canonical_url=https%3A%2F%2Fmedium.com%2Fp%2F242936a97018&%7Efeature=LoOpenInAppButton&%7Echannel=ShowPostUnderCollection&source=---top_nav_layout_nav----------------------------------,To Be Validated
https://medium.com/m/signin?operation=login&redirect=https%3A%2F%2Fpesacheck.org%2Ffaux-cette-vid%C3%A9o-ne-montre-pas-larriv%C3%A9e-de-la-d%C3%A9pouille-de-jean-marie-le-pen-%C3%A0-alger-242936a97018&source=post_page---top_nav_layout_nav-----------------------global_nav-----------,To Be Validated
https://rmc.bfmtv.com/actualites/politique/mort-de-jean-marie-le-pen-le-fondateur-du-fn-sera-enterre-a-la-trinite-sur-mer-en-bretagne_AV-202501080115.html,To Be Validated
https://pesacheck.org/maadeysi-sawirkan-muujinaya-raiisul-wasaaraha-itoobiya-abiy-axmed-iyo-donald-trump-oo-haya-7aaf7fef2989?source=post_page---post_publication_info--242936a97018--------------------------------,To Be Validated
https://medium.com/about?autoplay=1&source=post_page-----242936a97018--------------------------------,To Be Validated
https://pesacheck.org/pressinquiries@medium.com?source=post_page-----242936a97018--------------------------------,To Be Validated
https://rmc.bfmtv.com/actualites/politique/bon-vent-bonne-mer-papa-marine-le-pen-reagit-a-la-mort-de-son-pere-jean-marie_AP-202501080417.html,To Be Validated
https://youtu.be/9PvKlofm1GA?si=xQimsL-RZ4nDU98W,To Be Validated
https://medium.com/tag/algeria?source=post_page-----242936a97018--------------------------------,To Be Validated
https://medium.com/@PesaCheck/following?source=post_page---post_author_info--242936a97018--------------------------------,To Be Validated
https://blog.medium.com/?source=post_page-----242936a97018--------------------------------,To Be Validated
https://policy.medium.com/medium-terms-of-service-9db0094a1e0f?source=post_page-----242936a97018--------------------------------,To Be Validated
https://medium.com/m/signin?actionUrl=https%3A%2F%2Fmedium.com%2F_%2Fbookmark%2Fp%2F242936a97018&operation=register&redirect=https%3A%2F%2Fpesacheck.org%2Ffaux-cette-vid%25C3%25A9o-ne-montre-pas-larriv%25C3%25A9e-de-la-d%25C3%25A9pouille-de-jean-marie-le-pen-%25C3%25A0-alger-242936a97018&source=---header_actions--242936a97018---------------------bookmark_footer-----------,To Be Validated
https://www.linternaute.com/actualite/biographie/1776796-jean-marie-le-pen-une-vie-hors-du-commun-biographie-du-fondateur-du-fn-et-diable-de-la-ve-republique/,To Be Validated
https://pesacheck.org/?source=post_page---byline--242936a97018--------------------------------,To Be Validated
https://medium.com/m/signin?actionUrl=https%3A%2F%2Fmedium.com%2F_%2Fsubscribe%2Fcollection%2Fpesa-check&operation=register&redirect=https%3A%2F%2Fpesacheck.org%2Ffaux-cette-vid%C3%A9o-ne-montre-pas-larriv%C3%A9e-de-la-d%C3%A9pouille-de-jean-marie-le-pen-%C3%A0-alger-242936a97018&collection=PesaCheck&collectionId=ab41f21aa9a9&source=post_page---post_publication_info--242936a97018---------------------follow_profile-----------,To Be Validated
https://medium.com/@PesaCheck?source=post_page---post_author_info--242936a97018--------------------------------,To Be Validated
https://speechify.com/medium?source=post_page-----242936a97018--------------------------------,To Be Validated
https://policy.medium.com/medium-privacy-policy-f03bf92035c9?source=post_page-----242936a97018--------------------------------,To Be Validated
https://medium.com/business?source=post_page-----242936a97018--------------------------------,To Be Validated
https://saint-brieuc.maville.com/actu/actudet_-mort-de-jean-marie-le-pen-la-trinite-sur-mer-se-prepare-aux-obseques-_fil-6626560_actu.Htm,To Be Validated
https://policy.medium.com/medium-rules-30e5502c4eb4?source=post_page---post_responses--242936a97018--------------------------------,To Be Validated
https://pesacheck.org/followers?source=post_page---post_publication_info--242936a97018--------------------------------,To Be Validated
https://archive.ph/OH6Cr,To Be Validated
https://medium.com/m/signin?actionUrl=https%3A%2F%2Fmedium.com%2F_%2Fvote%2Fpesa-check%2F242936a97018&operation=register&redirect=https%3A%2F%2Fpesacheck.org%2Ffaux-cette-vid%25C3%25A9o-ne-montre-pas-larriv%25C3%25A9e-de-la-d%25C3%25A9pouille-de-jean-marie-le-pen-%25C3%25A0-alger-242936a97018&user=PesaCheck&userId=c75918c2df6e&source=---footer_actions--242936a97018---------------------clap_footer-----------,To Be Validated
https://help.medium.com/hc/en-us?source=post_page-----242936a97018--------------------------------,To Be Validated
https://medium.com/m/signin?actionUrl=https%3A%2F%2Fmedium.com%2F_%2Fsubscribe%2Fuser%2Fc75918c2df6e&operation=register&redirect=https%3A%2F%2Fpesacheck.org%2Ffaux-cette-vid%C3%A9o-ne-montre-pas-larriv%C3%A9e-de-la-d%C3%A9pouille-de-jean-marie-le-pen-%C3%A0-alger-242936a97018&user=PesaCheck&userId=c75918c2df6e&source=post_page-c75918c2df6e--post_author_info--242936a97018---------------------follow_profile-----------,To Be Validated
https://medium.com/@PesaCheck?source=post_page---byline--242936a97018--------------------------------,To Be Validated
https://www.google.com/search?q=Arriv%C3%A9e+de+la+d%C3%A9pouille+de+Jean+Marie+Le+pen+%C3%A0+Alger&oq=Arriv%C3%A9e+de+la+d%C3%A9pouille+de+Jean+Marie+Le+pen+%C3%A0+Alger&gs_lcrp=EgZjaHJvbWUyBggAEEUYOTIHCAEQIRigATIHCAIQIRigAdIBCDUwOTFqMGo3qAIIsAIB&sourceid=chrome&ie=UTF-8,To Be Validated
https://medium.statuspage.io/?source=post_page-----242936a97018--------------------------------,To Be Validated
https://www.google.com/search?client=safari&rls=en&q=s%C3%A9rie+t%C3%A9l%C3%A9vis%C3%A9e+Navarro&ie=UTF-8&oe=UTF-8,To Be Validated
https://medium.com/m/signin?actionUrl=https%3A%2F%2Fmedium.com%2F_%2Fbookmark%2Fp%2F242936a97018&operation=register&redirect=https%3A%2F%2Fpesacheck.org%2Ffaux-cette-vid%25C3%25A9o-ne-montre-pas-larriv%25C3%25A9e-de-la-d%25C3%25A9pouille-de-jean-marie-le-pen-%25C3%25A0-alger-242936a97018&source=---footer_actions--242936a97018---------------------bookmark_footer-----------,To Be Validated
https://medium.com/m/signin?operation=register&redirect=https%3A%2F%2Fpesacheck.org%2Ffaux-cette-vid%C3%A9o-ne-montre-pas-larriv%C3%A9e-de-la-d%C3%A9pouille-de-jean-marie-le-pen-%C3%A0-alger-242936a97018&source=post_page---top_nav_layout_nav-----------------------global_nav-----------,To Be Validated
https://medium.com/jobs-at-medium/work-at-medium-959d1a85284e?source=post_page-----242936a97018--------------------------------,To Be Validated
https://www.france24.com/fr/20150213-roger-hanin-inhumation-alger-alexandre-arcady-bouteflika-pied-noir-juif-algerie,To Be Validated
https://medium.com/tag/burkina-faso?source=post_page-----242936a97018--------------------------------,To Be Validated
https://medium.com/m/signin?actionUrl=https%3A%2F%2Fmedium.com%2F_%2Fvote%2Fpesa-check%2F242936a97018&operation=register&redirect=https%3A%2F%2Fpesacheck.org%2Ffaux-cette-vid%25C3%25A9o-ne-montre-pas-larriv%25C3%25A9e-de-la-d%25C3%25A9pouille-de-jean-marie-le-pen-%25C3%25A0-alger-242936a97018&user=PesaCheck&userId=c75918c2df6e&source=---header_actions--242936a97018---------------------clap_footer-----------,To Be Validated
https://www.leparisien.fr/culture-loisirs/roger-hanin-enterre-avec-les-honneurs-a-alger-13-02-2015-4530883.php,To Be Validated
https://archive.ph/ATAvJ,To Be Validated
https://medium.com/m/signin?redirect=https%3A%2F%2Fpesacheck.org%2F%3Fsource%3D---------9-----------------------&source=--------------------------nav_reg&operation=register,To Be Validated
https://medium.com/m/signin?redirect=https%3A%2F%2Fpesacheck.org%2F%3Fsource%3D---------9-----------------------&source=--------------------------nav_reg&operation=login,To Be Validated
https://pesacheck.org/partiellement-faux-cette-statue-de-la-vierge-marie-na-pas-%C3%A9t%C3%A9-sauv%C3%A9e-d-un-incendie-%C3%A0-los-angeles-ecb424aac2f2?source=---------2-----------------------,Article
https://www.dailymail.co.uk/home/search.html?s=&authornamef=ASSOCIATED+PRESS,To Be Validated
https://archive.nytimes.com/learning.blogs.nytimes.com/2012/12/19/looking-back-at-2012-ideas-for-reflecting-on-the-year-and-teaching-with-retrospectives/,To Be Validated
https://medium.com/@PesaCheck?source=post_page---byline--ecb424aac2f2--------------------------------,To Be Validated
https://archive.ph/zK8Wv,To Be Validated
https://fr.aleteia.org/2025/01/12/au-milieu-des-cendres-le-temoignage-de-foi-dune-famille-americaine,To Be Validated
https://medium.com/m/signin?actionUrl=https%3A%2F%2Fmedium.com%2F_%2Fbookmark%2Fp%2Fecb424aac2f2&operation=register&redirect=https%3A%2F%2Fpesacheck.org%2Fpartiellement-faux-cette-statue-de-la-vierge-marie-na-pas-%25C3%25A9t%25C3%25A9-sauv%25C3%25A9e-d-un-incendie-%25C3%25A0-los-angeles-ecb424aac2f2&source=---footer_actions--ecb424aac2f2---------------------bookmark_footer-----------,To Be Validated
https://medium.com/m/signin?actionUrl=https%3A%2F%2Fmedium.com%2F_%2Fvote%2Fpesa-check%2Fecb424aac2f2&operation=register&redirect=https%3A%2F%2Fpesacheck.org%2Fpartiellement-faux-cette-statue-de-la-vierge-marie-na-pas-%25C3%25A9t%25C3%25A9-sauv%25C3%25A9e-d-un-incendie-%25C3%25A0-los-angeles-ecb424aac2f2&user=PesaCheck&userId=c75918c2df6e&source=---header_actions--ecb424aac2f2---------------------clap_footer-----------,To Be Validated
https://medium.com/@PesaCheck?source=post_page---post_author_info--ecb424aac2f2--------------------------------,To Be Validated
https://medium.com/tag/short-form?source=post_page-----ecb424aac2f2--------------------------------,To Be Validated
https://medium.com/@PesaCheck/followers?source=post_page---post_author_info--ecb424aac2f2--------------------------------,To Be Validated
https://medium.com/about?autoplay=1&source=post_page-----ecb424aac2f2--------------------------------,To Be Validated
https://medium.com/m/signin?actionUrl=https%3A%2F%2Fmedium.com%2F_%2Fbookmark%2Fp%2Fecb424aac2f2&operation=register&redirect=https%3A%2F%2Fpesacheck.org%2Fpartiellement-faux-cette-statue-de-la-vierge-marie-na-pas-%25C3%25A9t%25C3%25A9-sauv%25C3%25A9e-d-un-incendie-%25C3%25A0-los-angeles-ecb424aac2f2&source=---header_actions--ecb424aac2f2---------------------bookmark_footer-----------,To Be Validated
https://medium.com/m/signin?actionUrl=https%3A%2F%2Fmedium.com%2F_%2Fsubscribe%2Fuser%2Fc75918c2df6e&operation=register&redirect=https%3A%2F%2Fpesacheck.org%2Fpartiellement-faux-cette-statue-de-la-vierge-marie-na-pas-%C3%A9t%C3%A9-sauv%C3%A9e-d-un-incendie-%C3%A0-los-angeles-ecb424aac2f2&user=PesaCheck&userId=c75918c2df6e&source=post_page-c75918c2df6e--byline--ecb424aac2f2---------------------post_header-----------,To Be Validated
https://medium.com/@PesaCheck/following?source=post_page---post_author_info--ecb424aac2f2--------------------------------,To Be Validated
https://policy.medium.com/medium-privacy-policy-f03bf92035c9?source=post_page-----ecb424aac2f2--------------------------------,To Be Validated
https://medium.com/m/signin?operation=register&redirect=https%3A%2F%2Fpesacheck.org%2Fpartiellement-faux-cette-statue-de-la-vierge-marie-na-pas-%C3%A9t%C3%A9-sauv%C3%A9e-d-un-incendie-%C3%A0-los-angeles-ecb424aac2f2&source=post_page---top_nav_layout_nav-----------------------global_nav-----------,To Be Validated
https://medium.com/tag/french?source=post_page-----ecb424aac2f2--------------------------------,To Be Validated
https://medium.com/m/signin?actionUrl=https%3A%2F%2Fmedium.com%2F_%2Fsubscribe%2Fcollection%2Fpesa-check&operation=register&redirect=https%3A%2F%2Fpesacheck.org%2Fpartiellement-faux-cette-statue-de-la-vierge-marie-na-pas-%C3%A9t%C3%A9-sauv%C3%A9e-d-un-incendie-%C3%A0-los-angeles-ecb424aac2f2&collection=PesaCheck&collectionId=ab41f21aa9a9&source=post_page---post_publication_info--ecb424aac2f2---------------------follow_profile-----------,To Be Validated
https://policy.medium.com/medium-terms-of-service-9db0094a1e0f?source=post_page-----ecb424aac2f2--------------------------------,To Be Validated
https://help.medium.com/hc/en-us?source=post_page-----ecb424aac2f2--------------------------------,To Be Validated
https://pesacheck.org/followers?source=post_page---post_publication_info--ecb424aac2f2--------------------------------,To Be Validated
https://medium.com/tag/united-states?source=post_page-----ecb424aac2f2--------------------------------,To Be Validated
https://pesacheck.org/?source=post_page---byline--ecb424aac2f2--------------------------------,To Be Validated
https://rsci.app.link/?%24canonical_url=https%3A%2F%2Fmedium.com%2Fp%2Fecb424aac2f2&%7Efeature=LoOpenInAppButton&%7Echannel=ShowPostUnderCollection&source=---top_nav_layout_nav----------------------------------,To Be Validated
https://speechify.com/medium?source=post_page-----ecb424aac2f2--------------------------------,To Be Validated
https://static01.nyt.com/images/2012/11/17/us/17religion-span-LN/17religion-span-blog480.jpg,To Be Validated
https://medium.com/jobs-at-medium/work-at-medium-959d1a85284e?source=post_page-----ecb424aac2f2--------------------------------,To Be Validated
https://archive.ph/3BnMG,To Be Validated
https://blog.medium.com/?source=post_page-----ecb424aac2f2--------------------------------,To Be Validated
https://www.facebook.com/ParoisseNDLVanier/posts/pfbid02sjiwWuEYeU1Rnnt93vRtaHBkGh6ygnxbAmLb2RstaTmKWYVpq1bFSLsgehFsYSjsl?__cft__%5B0%5D=AZWhkCwtRQtSMrU-1QQ3jE-kBuxooeHBDdYzTqfkaJYdH8SRnVVGYovP_j_e5N36qmhmKHcO5dzHQMQXtfDKwPwqEadZ3R8H9-XblxWV_UJu_5tvLRkpNycRxku6i98UvYVZgl1IIqLzjqgC1GqpJARcMF5lLetTUV7_vKDvjp6saDVMrx7xR3zAU-00N3EoUmQ&__tn__=%2CO%2CP-R,To Be Validated
https://tribunechretienne.com/incendies-en-californie-les-statues-de-la-sainte-vierge-et-de-saint-joseph-intactes-un-signe-desperance-au-milieu-des-cendres/,To Be Validated
https://pesacheck.org/?source=post_page---post_publication_info--ecb424aac2f2--------------------------------,To Be Validated
https://medium.com/m/signin?operation=login&redirect=https%3A%2F%2Fpesacheck.org%2Fpartiellement-faux-cette-statue-de-la-vierge-marie-na-pas-%C3%A9t%C3%A9-sauv%C3%A9e-d-un-incendie-%C3%A0-los-angeles-ecb424aac2f2&source=post_page---top_nav_layout_nav-----------------------global_nav-----------,To Be Validated
https://medium.com/business?source=post_page-----ecb424aac2f2--------------------------------,To Be Validated
https://pesacheck.org/maadeysi-sawirkan-muujinaya-raiisul-wasaaraha-itoobiya-abiy-axmed-iyo-donald-trump-oo-haya-7aaf7fef2989?source=post_page---post_publication_info--ecb424aac2f2--------------------------------,To Be Validated
https://www.instagram.com/mlennihan/?locale=fr_CA&hl=am-et,To Be Validated
https://x.com/RicciEyock,To Be Validated
https://medium.statuspage.io/?source=post_page-----ecb424aac2f2--------------------------------,To Be Validated
https://medium.com/m/signin?actionUrl=https%3A%2F%2Fmedium.com%2F_%2Fsubscribe%2Fuser%2Fc75918c2df6e&operation=register&redirect=https%3A%2F%2Fpesacheck.org%2Fpartiellement-faux-cette-statue-de-la-vierge-marie-na-pas-%C3%A9t%C3%A9-sauv%C3%A9e-d-un-incendie-%C3%A0-los-angeles-ecb424aac2f2&user=PesaCheck&userId=c75918c2df6e&source=post_page-c75918c2df6e--post_author_info--ecb424aac2f2---------------------follow_profile-----------,To Be Validated
https://policy.medium.com/medium-rules-30e5502c4eb4?source=post_page---post_responses--ecb424aac2f2--------------------------------,To Be Validated
https://medium.com/m/signin?actionUrl=https%3A%2F%2Fmedium.com%2F_%2Fvote%2Fpesa-check%2Fecb424aac2f2&operation=register&redirect=https%3A%2F%2Fpesacheck.org%2Fpartiellement-faux-cette-statue-de-la-vierge-marie-na-pas-%25C3%25A9t%25C3%25A9-sauv%25C3%25A9e-d-un-incendie-%25C3%25A0-los-angeles-ecb424aac2f2&user=PesaCheck&userId=c75918c2df6e&source=---footer_actions--ecb424aac2f2---------------------clap_footer-----------,To Be Validated
https://news.yahoo.com/news/photos/nor-easter-storm-threatens-ny-slideshow.html?bcmt=1,To Be Validated
https://www.google.com/search?q=Statue+de+la+Vierge+Marie+qui+a+r%C3%A9sist%C3%A9+aux+flammes+en+2012&oq=Statue+de+la+Vierge+Marie+qui+a+r%C3%A9sist%C3%A9+aux+flammes+en+2012&gs_lcrp=EgZjaHJvbWUyBggAEEUYOTIHCAEQABjvBTIKCAIQABiABBiiBDIHCAMQABjvBTIHCAQQABjvBTIHCAUQABjvBdIBCTQwMTE3ajBqN6gCALACAA&sourceid=chrome&ie=UTF-8,To Be Validated
https://i.dailymail.co.uk/i/pix/2013/08/09/article-2388155-1B37D0CB000005DC-74_634x421.jpg,To Be Validated
https://s.yimg.com/ny/api/res/1.2/mEcb85HZPdFs.7vibvWqFA--/YXBwaWQ9aGlnaGxhbmRlcjt3PTk2MDtoPTY0MDtjZj13ZWJw/https://media.zenfs.com/en_us/News/ap_webfeeds/c62467d97ebd4f1f200f6a7067009ac6.jpg,To Be Validated
https://pesacheck.org/pressinquiries@medium.com?source=post_page-----ecb424aac2f2--------------------------------,To Be Validated
https://medium.com/tag/burkina-faso?source=post_page-----ecb424aac2f2--------------------------------,To Be Validated
https://www.dailymail.co.uk/news/article-2388155/First-home-FINALLY-rebuilt-Breezy-Point-nearly-130-homes-burnt-ground-Superstorm-Sandy.html,To Be Validated
https://pesacheck.org/manipul%C3%A9e-cette-image-ne-montre-pas-des-missiles-fabriqu%C3%A9s-au-burkina-faso-bdc86aa1caa2?source=---------0-----------------------,Article
https://pesacheck.org/partiellement-faux-le-pr%C3%A9sident-ibrahim-traor%C3%A9-na-pas-rendu-visite-aux-balayeurs-de-rue-en-2025-232003bdd40d?source=---------4-----------------------,Article
https://pesacheck.org/faux-cette-image-ne-montre-pas-lavion-pr%C3%A9sidentiel-du-burkina-faso-stationn%C3%A9-au-nigeria-551c999475c2?source=---------6-----------------------,Article
https://pesacheck.org/faux-ce-missile-na-pas-%C3%A9t%C3%A9-tir%C3%A9-d-un-v%C3%A9hicule-militaire-alg%C3%A9rien-visant-un-navire-fran%C3%A7ais-36ba4d814c58?source=---------9-----------------------,Article
https://pesacheck.org/faux-cette-vid%C3%A9o-ne-montre-pas-laccueil-du-pr%C3%A9sident-ibrahim-traor%C3%A9-en-russie-71275fa9490b?source=---------3-----------------------,Article
https://pesacheck.org/contexte-manquant-cette-image-ne-montre-pas-la-ville-de-bujumbura-b68a31871a51?source=---------5-----------------------,Article
https://pesacheck.org/fake-bobi-wine-has-not-called-for-sanctions-on-burundi-president-ndayishimiye-07c0f7113992?source=---------0-----------------------,Article
https://pesacheck.org/faux-cette-image-ne-montre-pas-le-pr%C3%A9sident-congolais-tshisekedi-embarquant-pour-litalie-en-2024-80fa003a4730?source=---------9-----------------------,Article
https://pesacheck.org/canular-luniversit%C3%A9-du-burundi-n-offre-pas-des-cours-en-ligne-gratuits-25479f2358a4?source=---------7-----------------------,Article
https://pesacheck.org/faux-loffice-burundais-des-recettes-n-a-pas-instaur%C3%A9-un-nouvel-imp%C3%B4t-pour-les-jeunes-couples-3feab4123f2b?source=---------1-----------------------,Article
https://pesacheck.org/faux-la-pr%C3%A9sidente-tanzanienne-na-pas-dit-que-les-forces-de-la-sadc-%C3%A9taient-d%C3%A9ploy%C3%A9es-en-rdc-ddb81e9be48c?source=---------2-----------------------,Article
https://pesacheck.org/canular-cette-offre-de-cr%C3%A9dit-pour-lachat-des-motos-et-voitures-au-nom-de-la-crdb-bank-burundi-2bce65f1be1e?source=---------6-----------------------,Article
https://pesacheck.org/faux-la-tour-eiffel-na-pas-pris-feu-en-janvier-2024-a31fdbf7b023?source=---------3-----------------------,Article
https://pesacheck.org/manipul%C3%A9e-cette-photo-ne-montre-pas-le-pr%C3%A9sident-paul-kagame-exprimant-sa-compassion-suite-aux-b0551f9aec72?source=---------4-----------------------,Article
https://pesacheck.org/faux-la-photo-de-cette-maison-na-pas-%C3%A9t%C3%A9-prise-apr%C3%A8s-les-incendies-survenus-%C3%A0-los-angeles-en-4bd2f940e0f9?source=---------3-----------------------,Article
https://pesacheck.org/canular-total-energies-cameroun-na-lanc%C3%A9-aucun-recrutement-rapide-pour-un-nouveau-personnel-952f704a6fc3?source=---------1-----------------------,Article
https://pesacheck.org/faux-lancien-premier-ministre-burkinab%C3%A8-apollinaire-joachim-kyelem-de-tambela-n-a-pas-%C3%A9t%C3%A9-nomm%C3%A9-e29756ec8355?source=---------9-----------------------,Article
https://pesacheck.org/canular-les-volontaires-onu-nont-lanc%C3%A9-aucun-recrutement-pour-l-ann%C3%A9e-2024-2025-71638c31df76?source=---------8-----------------------,Article
https://stopintox.cm/2019/07/04/oui-le-chocolat-mambo-est-un-produit-made-in-cameroun-meme-si-lentreprise-qui-le-produit-est-a-capitaux-etrangers/,Article
https://stopintox.cm/category/fact-check/culture/gastronomie/,Article
https://stopintox.cm/category/religion/,Article
https://stopintox.cm/category/fact-check/economie/economie-cameroun/,Article
https://stopintox.cm/category/fact-check/sport/football/can-2021/,Article
https://stopintox.cm/2024/11/,Article
https://stopintox.cm/category/fact-check/eau-sante-environnement/,Article
https://stopintox.cm/category/fact-check/culture/cinema/,Article
https://stopintox.cm/category/fact-check/culture/voyages/,Article
https://www.francophonie.org/,Article
https://stopintox.cm/category/fact-check/planete/,Article
https://stopintox.cm/category/fact-check/politique/,Article
https://stopintox.cm/2021/09/,Article
http://wordpress.org/,Article
https://stopintox.cm/category/fact-check/economie/,Article
https://stopintox.cm/category/fact-check/culture/scenes/,Article
https://stopintox.cm/2022/03/,Article
https://stopintox.cm/2024/04/26/annie-payep-nlepe-il-faut-adopter-une-loi-qui-oblige-les-detenteurs-du-pouvoir-public-a-repondre-aux-journalistes/,Article
https://stopintox.cm/2021/05/27/cameroun-le-bepc-2021-aura-bien-lieu-du-14-au-18-juin/,Article
https://stopintox.cm/category/fact-check/economie/emploi/,Article
https://stopintox.cm/category/societe/,Article
https://stopintox.cm/gestion-des-corrections/,Article
https://stopintox.cm/category/notre-actu/,Article
https://stopintox.cm/category/actu/,Article
https://stopintox.cm/2019/11/,Article
https://stopintox.cm/category/fact-check/sport/football/,Article
https://stopintox.cm/2023/11/,Article
https://stopintox.cm/2019/05/,Article
https://stopintox.cm/category/fact-check/international/,Article
https://stopintox.cm/category/fact-check/economie/energie/,Article
https://stopintox.cm/category/fact-check/economie/economie-africaine/,Article
https://stopintox.cm/2022/06/,Article
https://stopintox.cm/category/fact-check/infrastructures/,Article
https://stopintox.cm/category/fact-check/,Article
https://stopintox.cm/category/fact-check/culture/musiques/,Article
https://stopintox.cm/2022/08/,Article
https://stopintox.cm/2021/12/,Article
https://stopintox.cm/contact,Article
https://stopintox.cm/category/fact-check/culture/,Article
https://stopintox.cm/category/sante/,Article
https://stopintox.cm/category/videos/,Article
https://stopintox.cm/category/fact-check/culture/mode/,Article
https://stopintox.cm/category/uncategorized/,Article
https://stopintox.cm/category/podcasts/,Article
https://stopintox.cm/2024/04/18/non-cole-palmer-na-pas-les-origines-camerounaises/,Article
https://stopintox.cm/2022/09/,Article
https://stopintox.cm/category/eclairage-2/,Article
https://stopintox.cm/2023/12/,Article
https://stopintox.cm/2019/10/,Article
http://www.autofloweringseeds.org.uk/,Article
https://stopintox.cm/category/fact-check/medias/,Article
https://stopintox.cm/category/sante/coronavirus/,Article
https://stopintox.cm/category/fact-check/sport/,Article
https://stopintox.cm/2021/01/20/oui-la-dgsn-a-rendu-publics-des-numeros-whatsapp-pour-suivre-la-production-de-sa-cni/,Article
https://impactmedia.cm/,Article
https://stopintox.cm/author/chancelin-wabo-talom/,Article
https://stopintox.cm/author/armelle/,Article
http://organicfarming.org.uk/high-yield-seeds/,Article
https://stopintox.cm/2024/06/10/non-la-video-dans-laquelle-on-voit-samuel-etoo-avoir-un-entretien-avec-le-ministre-narcisse-mouelle-kombi-na-pas-ete-tournee-lors-du-match-cameroun-contre-le-cap-vert/,Article
https://stopintox.cm/category/sciences/,Article
https://stopintox.cm/category/fact-check/televisions/,Article
https://stopintox.cm/2022/04/,Article
https://stopintox.cm/category/fact-check/education/,Article
https://stopintox.cm/2023/02/,Article
https://stopintox.cm/author/mathiasmouende/,Article
https://stopintox.cm/2021/08/,Article
https://congocheck.net/comment-bait-une-photo-de-marcelo-et-son-fils-floutee-pour-attirer-des-commentaires/,Article
https://congocheck.net/une-image-montrant-le-lac-de-cratere-forme-par-une-explosion-volcanique-en-ouganda-faussement-presente-comme-celui-du-ngorongoro-en-tanzanie/,Article
https://congocheck.net/attention-a-cette-fausse-rumeur-qui-pretend-que-feelix-tshisekedi-etait-gardien-footballeur-international/,Article
https://congocheck.net/non-henry-cavill-navait-pas-ete-a-lecole-de-son-neveu-pour-prouver-que-son-oncle-etait-superman/,Article
https://congocheck.net/nous-proposer-un-article-2/,Article
https://congocheck.net/attention-cette-photo-illustrant-larrestation-de-jean-pierre-bemba-est-truquee/,Article
https://congocheck.net/home/,Article
https://congocheck.net/exetat-2023-ces-resultats-sont-faux/,Article
https://congocheck.net/protocole-de-correction/,Article
https://akhbarmeter.org/#latestNews,Article
https://akhbarmeter.org/privacy,Article
https://akhbarmeter.org?lang=en,Article
https://akhbarmeter.org/publishers/12,Article
https://akhbarmeter.org/,Article
https://akhbarmeter.org/articles/29807,Article
https://akhbarmeter.org/publishers/28,Article
https://akhbarmeter.org,Article
https://akhbarmeter.org/cookies,Article
https://www.saheeh.news/ar/node/1466,Article
https://www.saheeh.news/ar/node/1927,Article
https://www.saheeh.news/ar/about,Article
https://www.saheeh.news/ar/contact/arsl_lna_tshyh,Article
https://africacheck.org/,Article
https://tafnied.com/%d8%af%d8%b1%d9%88%d8%a8-%d8%a7%d9%84%d8%b8%d9%84%d8%a7%d9%85-%d8%ae%d9%81%d8%a7%d9%8a%d8%a7-%d8%a7%d9%84%d9%87%d8%ac%d8%b1%d8%a9-%d8%ba%d9%8a%d8%b1-%d8%a7%d9%84%d8%b4%d8%b1%d8%b9%d9%8a%d8%a9/,Article
https://tafnied.com/%d8%aa%d8%b5%d8%b1%d9%8a%d8%ad%d8%a7%d8%aa-%d8%a7%d9%84%d8%b3%d9%8a%d8%b3%d9%8a-%d8%b9%d9%86-%d8%a3%d9%88%d9%84-%d8%a7%d8%b3%d8%aa%d8%af%d8%a7%d9%86%d8%a9-%d8%ae%d8%a7%d8%b1%d8%ac%d9%8a%d8%a9/,Article
https://gfmd.info/about/,Article
https://tafnied.com/%d8%a7%d9%84%d9%86%d9%85%d9%88-%d8%a7%d9%84%d8%a7%d9%82%d8%aa%d8%b5%d8%a7%d8%af%d9%8a-%d9%84%d9%85%d8%b5%d8%b1-%d9%82%d8%a8%d9%84-2020/,Article
